id;product_id;created_at;sold_at;cost;product_category;product_name;product_brand;product_retail_price;product_department;product_sku;product_distribution_center_id
30208;16898;5/15/2022 9:52:28;07/01/2022 00:00;13,92;Tops & Tees;Quiksilver Waterman Men's On The Rise;;25;Men;22811EE19846217512507785E74D12CC;1
30209;16898;03/02/2022 00:00;;13,92;Tops & Tees;Quiksilver Waterman Men's On The Rise;;25;Men;22811EE19846217512507785E74D12CC;2
341402;16898;07/10/2021 00:00;8/23/2021 16:23:01;13,92;Tops & Tees;Quiksilver Waterman Men's On The Rise;;25;Men;22811EE19846217512507785E74D12CC;3
341403;16898;8/28/2022 10:24:00;;13,92;Tops & Tees;Quiksilver Waterman Men's On The Rise;;25;Men;22811EE19846217512507785E74D12CC;4
408709;16898;05/11/2023 00:00;06/06/2023 00:00;13,92;Tops & Tees;Quiksilver Waterman Men's On The Rise;;25;Men;22811EE19846217512507785E74D12CC;5
408710;16898;12/05/2022 00:00;;13,92;Tops & Tees;Quiksilver Waterman Men's On The Rise;;25;Men;22811EE19846217512507785E74D12CC;6
158415;9482;5/24/2022 12:24:31;5/25/2022 0:30:31;5,71;Socks & Hosiery;KEEN Women Bellingham Low Ultralite Sock;;16;Women;C5A3C867A3DFB776552DCFC804D4937E;7
158416;9482;12/07/2021 00:00;;5,71;Socks & Hosiery;KEEN Women Bellingham Low Ultralite Sock;;16;Women;C5A3C867A3DFB776552DCFC804D4937E;8
158417;9482;12/09/2022 00:00;;5,71;Socks & Hosiery;KEEN Women Bellingham Low Ultralite Sock;;16;Women;C5A3C867A3DFB776552DCFC804D4937E;9
158418;9482;3/13/2020 10:10:00;;5,71;Socks & Hosiery;KEEN Women Bellingham Low Ultralite Sock;;16;Women;C5A3C867A3DFB776552DCFC804D4937E;10
229020;9482;05/01/2020 00:00;5/24/2020 17:11:23;5,71;Socks & Hosiery;KEEN Women Bellingham Low Ultralite Sock;;16;Women;C5A3C867A3DFB776552DCFC804D4937E;1
229021;9482;4/14/2022 11:00:00;;5,71;Socks & Hosiery;KEEN Women Bellingham Low Ultralite Sock;;16;Women;C5A3C867A3DFB776552DCFC804D4937E;2
278085;9482;10/22/2021 23:34:20;12/10/2021 00:00;5,71;Socks & Hosiery;KEEN Women Bellingham Low Ultralite Sock;;16;Women;C5A3C867A3DFB776552DCFC804D4937E;3
278086;9482;04/04/2021 00:00;;5,71;Socks & Hosiery;KEEN Women Bellingham Low Ultralite Sock;;16;Women;C5A3C867A3DFB776552DCFC804D4937E;4
286893;9482;11/08/2022 00:00;12/27/2022 23:04:31;5,71;Socks & Hosiery;KEEN Women Bellingham Low Ultralite Sock;;16;Women;C5A3C867A3DFB776552DCFC804D4937E;5
286894;9482;04/06/2020 00:00;;5,71;Socks & Hosiery;KEEN Women Bellingham Low Ultralite Sock;;16;Women;C5A3C867A3DFB776552DCFC804D4937E;6
286895;9482;3/20/2022 9:28:00;;5,71;Socks & Hosiery;KEEN Women Bellingham Low Ultralite Sock;;16;Women;C5A3C867A3DFB776552DCFC804D4937E;7
384462;9482;9/28/2022 2:17:09;11/14/2022 0:34:09;5,71;Socks & Hosiery;KEEN Women Bellingham Low Ultralite Sock;;16;Women;C5A3C867A3DFB776552DCFC804D4937E;8
384463;9482;5/20/2023 2:57:00;;5,71;Socks & Hosiery;KEEN Women Bellingham Low Ultralite Sock;;16;Women;C5A3C867A3DFB776552DCFC804D4937E;9
456662;9482;09/01/2019 00:00;10/01/2019 00:00;5,71;Socks & Hosiery;KEEN Women Bellingham Low Ultralite Sock;;16;Women;C5A3C867A3DFB776552DCFC804D4937E;10
456663;9482;06/04/2022 00:00;;5,71;Socks & Hosiery;KEEN Women Bellingham Low Ultralite Sock;;16;Women;C5A3C867A3DFB776552DCFC804D4937E;1
87821;13863;02/04/2023 00:00;3/24/2023 15:14:22;9,55;Accessories;Husky Animal Hat with Mittens;;24,25;Women;7992308D89FF6B43BC197C8EF9BD934B;2
87822;13863;6/13/2022 15:28:00;;9,55;Accessories;Husky Animal Hat with Mittens;;24,25;Women;7992308D89FF6B43BC197C8EF9BD934B;3
87823;13863;10/06/2021 00:00;;9,55;Accessories;Husky Animal Hat with Mittens;;24,25;Women;7992308D89FF6B43BC197C8EF9BD934B;4
87824;13863;9/30/2021 6:04:00;;9,55;Accessories;Husky Animal Hat with Mittens;;24,25;Women;7992308D89FF6B43BC197C8EF9BD934B;5
143649;13863;1/22/2022 22:08:13;02/09/2022 00:00;9,55;Accessories;Husky Animal Hat with Mittens;;24,25;Women;7992308D89FF6B43BC197C8EF9BD934B;6
143650;13863;3/27/2021 14:20:00;;9,55;Accessories;Husky Animal Hat with Mittens;;24,25;Women;7992308D89FF6B43BC197C8EF9BD934B;7
392336;13863;10/23/2022 6:57:14;11/09/2022 00:00;9,55;Accessories;Husky Animal Hat with Mittens;;24,25;Women;7992308D89FF6B43BC197C8EF9BD934B;8
392337;13863;12/13/2021 7:27:00;;9,55;Accessories;Husky Animal Hat with Mittens;;24,25;Women;7992308D89FF6B43BC197C8EF9BD934B;9
392338;13863;09/06/2020 00:00;;9,55;Accessories;Husky Animal Hat with Mittens;;24,25;Women;7992308D89FF6B43BC197C8EF9BD934B;10
392339;13863;7/25/2020 6:20:00;;9,55;Accessories;Husky Animal Hat with Mittens;;24,25;Women;7992308D89FF6B43BC197C8EF9BD934B;1
394734;13863;06/08/2022 00:00;6/19/2022 23:51:49;9,55;Accessories;Husky Animal Hat with Mittens;;24,25;Women;7992308D89FF6B43BC197C8EF9BD934B;2
394735;13863;3/18/2022 12:04:00;;9,55;Accessories;Husky Animal Hat with Mittens;;24,25;Women;7992308D89FF6B43BC197C8EF9BD934B;3
440046;13863;6/18/2023 23:46:47;6/23/2023 15:24:47;9,55;Accessories;Husky Animal Hat with Mittens;;24,25;Women;7992308D89FF6B43BC197C8EF9BD934B;4
440047;13863;04/01/2020 00:00;;9,55;Accessories;Husky Animal Hat with Mittens;;24,25;Women;7992308D89FF6B43BC197C8EF9BD934B;5
440048;13863;4/13/2020 6:13:00;;9,55;Accessories;Husky Animal Hat with Mittens;;24,25;Women;7992308D89FF6B43BC197C8EF9BD934B;6
440049;13863;8/18/2020 0:05:00;;9,55;Accessories;Husky Animal Hat with Mittens;;24,25;Women;7992308D89FF6B43BC197C8EF9BD934B;7
20879;25135;5/17/2023 17:57:12;06/08/2023 00:00;12,48;Socks;Volcom Men's Argyle Socks;;22,48;Men;0DC76D68D436BB030EFBE3A8386EE47A;8
20880;25135;3/19/2021 4:21:00;;12,48;Socks;Volcom Men's Argyle Socks;;22,48;Men;0DC76D68D436BB030EFBE3A8386EE47A;9
20881;25135;3/24/2022 12:59:00;;12,48;Socks;Volcom Men's Argyle Socks;;22,48;Men;0DC76D68D436BB030EFBE3A8386EE47A;10
20882;25135;02/04/2021 00:00;;12,48;Socks;Volcom Men's Argyle Socks;;22,48;Men;0DC76D68D436BB030EFBE3A8386EE47A;1
40444;25135;12/03/2021 00:00;12/14/2021 3:48:11;12,48;Socks;Volcom Men's Argyle Socks;;22,48;Men;0DC76D68D436BB030EFBE3A8386EE47A;2
40445;25135;5/26/2023 9:24:00;;12,48;Socks;Volcom Men's Argyle Socks;;22,48;Men;0DC76D68D436BB030EFBE3A8386EE47A;3
109741;25135;5/17/2022 3:42:46;6/21/2022 5:43:46;12,48;Socks;Volcom Men's Argyle Socks;;22,48;Men;0DC76D68D436BB030EFBE3A8386EE47A;4
109742;25135;4/17/2020 5:05:00;;12,48;Socks;Volcom Men's Argyle Socks;;22,48;Men;0DC76D68D436BB030EFBE3A8386EE47A;5
109743;25135;02/07/2022 00:00;;12,48;Socks;Volcom Men's Argyle Socks;;22,48;Men;0DC76D68D436BB030EFBE3A8386EE47A;6
235637;25135;05/11/2023 00:00;06/09/2023 00:00;12,48;Socks;Volcom Men's Argyle Socks;;22,48;Men;0DC76D68D436BB030EFBE3A8386EE47A;7
235638;25135;3/20/2020 9:13:00;;12,48;Socks;Volcom Men's Argyle Socks;;22,48;Men;0DC76D68D436BB030EFBE3A8386EE47A;8
235639;25135;07/04/2020 00:00;;12,48;Socks;Volcom Men's Argyle Socks;;22,48;Men;0DC76D68D436BB030EFBE3A8386EE47A;9
313469;25135;5/16/2022 23:32:27;5/30/2022 0:49:27;12,48;Socks;Volcom Men's Argyle Socks;;22,48;Men;0DC76D68D436BB030EFBE3A8386EE47A;10
313470;25135;2/24/2020 9:12:00;;12,48;Socks;Volcom Men's Argyle Socks;;22,48;Men;0DC76D68D436BB030EFBE3A8386EE47A;1
361631;25135;04/12/2023 00:00;05/07/2023 00:00;12,48;Socks;Volcom Men's Argyle Socks;;22,48;Men;0DC76D68D436BB030EFBE3A8386EE47A;2
361632;25135;08/02/2022 00:00;;12,48;Socks;Volcom Men's Argyle Socks;;22,48;Men;0DC76D68D436BB030EFBE3A8386EE47A;3
437260;25135;08/01/2022 00:00;9/27/2022 4:33:35;12,48;Socks;Volcom Men's Argyle Socks;;22,48;Men;0DC76D68D436BB030EFBE3A8386EE47A;4
437261;25135;7/14/2020 12:06:00;;12,48;Socks;Volcom Men's Argyle Socks;;22,48;Men;0DC76D68D436BB030EFBE3A8386EE47A;5
437262;25135;09/04/2020 00:00;;12,48;Socks;Volcom Men's Argyle Socks;;22,48;Men;0DC76D68D436BB030EFBE3A8386EE47A;6
472315;25135;3/20/2022 13:19:09;04/10/2022 00:00;12,48;Socks;Volcom Men's Argyle Socks;;22,48;Men;0DC76D68D436BB030EFBE3A8386EE47A;7
472316;25135;05/05/2023 00:00;;12,48;Socks;Volcom Men's Argyle Socks;;22,48;Men;0DC76D68D436BB030EFBE3A8386EE47A;8
472317;25135;10/22/2021 17:55:00;;12,48;Socks;Volcom Men's Argyle Socks;;22,48;Men;0DC76D68D436BB030EFBE3A8386EE47A;9
477149;25135;02/01/2020 00:00;2/19/2020 3:18:31;12,48;Socks;Volcom Men's Argyle Socks;;22,48;Men;0DC76D68D436BB030EFBE3A8386EE47A;10
477150;25135;12/30/2022 7:20:00;;12,48;Socks;Volcom Men's Argyle Socks;;22,48;Men;0DC76D68D436BB030EFBE3A8386EE47A;1
477151;25135;04/12/2020 00:00;;12,48;Socks;Volcom Men's Argyle Socks;;22,48;Men;0DC76D68D436BB030EFBE3A8386EE47A;2
477152;25135;2/19/2021 6:46:00;;12,48;Socks;Volcom Men's Argyle Socks;;22,48;Men;0DC76D68D436BB030EFBE3A8386EE47A;3
487461;25135;10/25/2022 0:55:12;11/30/2022 10:06:12;12,48;Socks;Volcom Men's Argyle Socks;;22,48;Men;0DC76D68D436BB030EFBE3A8386EE47A;4
487462;25135;8/16/2020 5:27:00;;12,48;Socks;Volcom Men's Argyle Socks;;22,48;Men;0DC76D68D436BB030EFBE3A8386EE47A;5
52050;11843;1/28/2023 1:47:29;3/20/2023 16:22:29;33,9;Intimates;Wendy Glez Rose Cami Black;;60;Women;B451DA363BB08B9A81CEADBADB5133EF;6
52051;11843;10/07/2021 00:00;;33,9;Intimates;Wendy Glez Rose Cami Black;;60;Women;B451DA363BB08B9A81CEADBADB5133EF;7
52052;11843;6/17/2023 5:17:00;;33,9;Intimates;Wendy Glez Rose Cami Black;;60;Women;B451DA363BB08B9A81CEADBADB5133EF;8
52053;11843;12/04/2020 00:00;;33,9;Intimates;Wendy Glez Rose Cami Black;;60;Women;B451DA363BB08B9A81CEADBADB5133EF;9
317625;11843;6/30/2020 8:21:20;07/04/2020 00:00;33,9;Intimates;Wendy Glez Rose Cami Black;;60;Women;B451DA363BB08B9A81CEADBADB5133EF;10
317626;11843;11/30/2020 10:36:00;;33,9;Intimates;Wendy Glez Rose Cami Black;;60;Women;B451DA363BB08B9A81CEADBADB5133EF;1
438399;11843;10/06/2022 00:00;11/26/2022 10:40:06;33,9;Intimates;Wendy Glez Rose Cami Black;;60;Women;B451DA363BB08B9A81CEADBADB5133EF;2
438400;11843;03/09/2021 00:00;;33,9;Intimates;Wendy Glez Rose Cami Black;;60;Women;B451DA363BB08B9A81CEADBADB5133EF;3
438401;11843;07/07/2022 00:00;;33,9;Intimates;Wendy Glez Rose Cami Black;;60;Women;B451DA363BB08B9A81CEADBADB5133EF;4
7219;1629;3/13/2023 3:18:43;4/29/2023 8:07:43;23,57;Fashion Hoodies & Sweatshirts;Carhartt Women's Hooded Knit Jacket;;45,95;Women;5C50B4DF4B176845CD235B6A510C6903;5
7220;1629;8/16/2020 18:41:00;;23,57;Fashion Hoodies & Sweatshirts;Carhartt Women's Hooded Knit Jacket;;45,95;Women;5C50B4DF4B176845CD235B6A510C6903;6
7221;1629;09/07/2022 00:00;;23,57;Fashion Hoodies & Sweatshirts;Carhartt Women's Hooded Knit Jacket;;45,95;Women;5C50B4DF4B176845CD235B6A510C6903;7
11225;1629;05/04/2022 00:00;5/25/2022 23:37:23;23,57;Fashion Hoodies & Sweatshirts;Carhartt Women's Hooded Knit Jacket;;45,95;Women;5C50B4DF4B176845CD235B6A510C6903;8
11226;1629;3/21/2022 11:45:00;;23,57;Fashion Hoodies & Sweatshirts;Carhartt Women's Hooded Knit Jacket;;45,95;Women;5C50B4DF4B176845CD235B6A510C6903;9
11227;1629;01/03/2023 00:00;;23,57;Fashion Hoodies & Sweatshirts;Carhartt Women's Hooded Knit Jacket;;45,95;Women;5C50B4DF4B176845CD235B6A510C6903;10
167586;1629;3/30/2022 16:54:34;5/14/2022 10:22:34;23,57;Fashion Hoodies & Sweatshirts;Carhartt Women's Hooded Knit Jacket;;45,95;Women;5C50B4DF4B176845CD235B6A510C6903;1
167587;1629;1/22/2022 0:36:00;;23,57;Fashion Hoodies & Sweatshirts;Carhartt Women's Hooded Knit Jacket;;45,95;Women;5C50B4DF4B176845CD235B6A510C6903;2
217149;1629;2/18/2022 8:29:38;04/02/2022 00:00;23,57;Fashion Hoodies & Sweatshirts;Carhartt Women's Hooded Knit Jacket;;45,95;Women;5C50B4DF4B176845CD235B6A510C6903;3
217150;1629;10/26/2022 14:35:00;;23,57;Fashion Hoodies & Sweatshirts;Carhartt Women's Hooded Knit Jacket;;45,95;Women;5C50B4DF4B176845CD235B6A510C6903;4
217151;1629;11/21/2020 9:14:00;;23,57;Fashion Hoodies & Sweatshirts;Carhartt Women's Hooded Knit Jacket;;45,95;Women;5C50B4DF4B176845CD235B6A510C6903;5
299209;1629;8/24/2021 14:03:35;09/02/2021 00:00;23,57;Fashion Hoodies & Sweatshirts;Carhartt Women's Hooded Knit Jacket;;45,95;Women;5C50B4DF4B176845CD235B6A510C6903;6
299210;1629;11/02/2021 00:00;;23,57;Fashion Hoodies & Sweatshirts;Carhartt Women's Hooded Knit Jacket;;45,95;Women;5C50B4DF4B176845CD235B6A510C6903;7
397324;1629;6/15/2020 18:15:11;7/31/2020 2:03:11;23,57;Fashion Hoodies & Sweatshirts;Carhartt Women's Hooded Knit Jacket;;45,95;Women;5C50B4DF4B176845CD235B6A510C6903;8
397325;1629;8/25/2021 9:42:00;;23,57;Fashion Hoodies & Sweatshirts;Carhartt Women's Hooded Knit Jacket;;45,95;Women;5C50B4DF4B176845CD235B6A510C6903;9
150891;13921;1/26/2022 15:10:04;2/15/2022 17:14:04;1,64;Accessories;NEW Aluminum Credit Card Wallet - RFID Blocking Case - Pink (New Products);;4,21;Women;0CBFF6DD75DF1F43E3ABAE409ED8A9FD;10
150892;13921;6/29/2022 13:19:00;;1,64;Accessories;NEW Aluminum Credit Card Wallet - RFID Blocking Case - Pink (New Products);;4,21;Women;0CBFF6DD75DF1F43E3ABAE409ED8A9FD;1
150893;13921;09/12/2022 00:00;;1,64;Accessories;NEW Aluminum Credit Card Wallet - RFID Blocking Case - Pink (New Products);;4,21;Women;0CBFF6DD75DF1F43E3ABAE409ED8A9FD;2
150894;13921;02/01/2022 00:00;;1,64;Accessories;NEW Aluminum Credit Card Wallet - RFID Blocking Case - Pink (New Products);;4,21;Women;0CBFF6DD75DF1F43E3ABAE409ED8A9FD;3
253737;13921;05/04/2023 00:00;05/12/2023 00:00;1,64;Accessories;NEW Aluminum Credit Card Wallet - RFID Blocking Case - Pink (New Products);;4,21;Women;0CBFF6DD75DF1F43E3ABAE409ED8A9FD;4
253738;13921;2/18/2022 13:10:00;;1,64;Accessories;NEW Aluminum Credit Card Wallet - RFID Blocking Case - Pink (New Products);;4,21;Women;0CBFF6DD75DF1F43E3ABAE409ED8A9FD;5
253739;13921;11/10/2021 00:00;;1,64;Accessories;NEW Aluminum Credit Card Wallet - RFID Blocking Case - Pink (New Products);;4,21;Women;0CBFF6DD75DF1F43E3ABAE409ED8A9FD;6
253740;13921;8/19/2022 15:25:00;;1,64;Accessories;NEW Aluminum Credit Card Wallet - RFID Blocking Case - Pink (New Products);;4,21;Women;0CBFF6DD75DF1F43E3ABAE409ED8A9FD;7
384889;13921;01/07/2020 00:00;2/16/2020 11:24:32;1,64;Accessories;NEW Aluminum Credit Card Wallet - RFID Blocking Case - Pink (New Products);;4,21;Women;0CBFF6DD75DF1F43E3ABAE409ED8A9FD;8
384890;13921;12/16/2020 17:11:00;;1,64;Accessories;NEW Aluminum Credit Card Wallet - RFID Blocking Case - Pink (New Products);;4,21;Women;0CBFF6DD75DF1F43E3ABAE409ED8A9FD;9
384891;13921;12/26/2022 1:31:00;;1,64;Accessories;NEW Aluminum Credit Card Wallet - RFID Blocking Case - Pink (New Products);;4,21;Women;0CBFF6DD75DF1F43E3ABAE409ED8A9FD;10
459205;13921;06/09/2020 00:00;6/14/2020 11:42:53;1,64;Accessories;NEW Aluminum Credit Card Wallet - RFID Blocking Case - Pink (New Products);;4,21;Women;0CBFF6DD75DF1F43E3ABAE409ED8A9FD;1
459206;13921;7/25/2020 3:46:00;;1,64;Accessories;NEW Aluminum Credit Card Wallet - RFID Blocking Case - Pink (New Products);;4,21;Women;0CBFF6DD75DF1F43E3ABAE409ED8A9FD;2
87349;25187;2/19/2022 9:50:43;2/28/2022 0:55:43;14,43;Socks;SockGuy Men's Kokopelli Socks;;25;Men;43A4D135B5225238F2ADBF88DC810A6B;3
87350;25187;3/29/2023 15:19:00;;14,43;Socks;SockGuy Men's Kokopelli Socks;;25;Men;43A4D135B5225238F2ADBF88DC810A6B;4
87351;25187;6/18/2023 4:14:00;;14,43;Socks;SockGuy Men's Kokopelli Socks;;25;Men;43A4D135B5225238F2ADBF88DC810A6B;5
87352;25187;09/07/2021 00:00;;14,43;Socks;SockGuy Men's Kokopelli Socks;;25;Men;43A4D135B5225238F2ADBF88DC810A6B;6
157635;25187;11/23/2019 8:36:24;01/03/2020 00:00;14,43;Socks;SockGuy Men's Kokopelli Socks;;25;Men;43A4D135B5225238F2ADBF88DC810A6B;7
157636;25187;3/25/2021 13:01:00;;14,43;Socks;SockGuy Men's Kokopelli Socks;;25;Men;43A4D135B5225238F2ADBF88DC810A6B;8
196237;25187;12/21/2022 12:19:50;02/01/2023 00:00;14,43;Socks;SockGuy Men's Kokopelli Socks;;25;Men;43A4D135B5225238F2ADBF88DC810A6B;9
196238;25187;5/26/2021 0:02:00;;14,43;Socks;SockGuy Men's Kokopelli Socks;;25;Men;43A4D135B5225238F2ADBF88DC810A6B;10
196239;25187;7/13/2022 3:55:00;;14,43;Socks;SockGuy Men's Kokopelli Socks;;25;Men;43A4D135B5225238F2ADBF88DC810A6B;1
223807;25187;12/31/2022 23:41:37;2/27/2023 5:18:37;14,43;Socks;SockGuy Men's Kokopelli Socks;;25;Men;43A4D135B5225238F2ADBF88DC810A6B;2
223808;25187;6/23/2023 15:36:00;;14,43;Socks;SockGuy Men's Kokopelli Socks;;25;Men;43A4D135B5225238F2ADBF88DC810A6B;3
339476;25187;02/02/2020 00:00;3/28/2020 0:02:01;14,43;Socks;SockGuy Men's Kokopelli Socks;;25;Men;43A4D135B5225238F2ADBF88DC810A6B;4
339477;25187;11/04/2020 00:00;;14,43;Socks;SockGuy Men's Kokopelli Socks;;25;Men;43A4D135B5225238F2ADBF88DC810A6B;5
14611;10598;5/15/2021 8:10:26;07/05/2021 00:00;9,62;Intimates;JMS Comfort Lace with Hidden Shaper;;16,58;Women;E6FA05C07B144B6FF4D1FD1CD2BBB244;6
14612;10598;4/21/2023 14:08:00;;9,62;Intimates;JMS Comfort Lace with Hidden Shaper;;16,58;Women;E6FA05C07B144B6FF4D1FD1CD2BBB244;7
14613;10598;5/28/2023 1:28:00;;9,62;Intimates;JMS Comfort Lace with Hidden Shaper;;16,58;Women;E6FA05C07B144B6FF4D1FD1CD2BBB244;8
61914;10598;1/19/2022 8:32:24;2/28/2022 10:52:24;9,62;Intimates;JMS Comfort Lace with Hidden Shaper;;16,58;Women;E6FA05C07B144B6FF4D1FD1CD2BBB244;9
61915;10598;5/20/2021 12:23:00;;9,62;Intimates;JMS Comfort Lace with Hidden Shaper;;16,58;Women;E6FA05C07B144B6FF4D1FD1CD2BBB244;10
81601;10598;02/12/2023 00:00;3/18/2023 17:14:39;9,62;Intimates;JMS Comfort Lace with Hidden Shaper;;16,58;Women;E6FA05C07B144B6FF4D1FD1CD2BBB244;1
81602;10598;3/23/2023 12:26:00;;9,62;Intimates;JMS Comfort Lace with Hidden Shaper;;16,58;Women;E6FA05C07B144B6FF4D1FD1CD2BBB244;2
81603;10598;10/27/2021 1:17:00;;9,62;Intimates;JMS Comfort Lace with Hidden Shaper;;16,58;Women;E6FA05C07B144B6FF4D1FD1CD2BBB244;3
81604;10598;04/07/2021 00:00;;9,62;Intimates;JMS Comfort Lace with Hidden Shaper;;16,58;Women;E6FA05C07B144B6FF4D1FD1CD2BBB244;4
168833;10598;04/09/2023 00:00;05/02/2023 00:00;9,62;Intimates;JMS Comfort Lace with Hidden Shaper;;16,58;Women;E6FA05C07B144B6FF4D1FD1CD2BBB244;5
168834;10598;06/06/2020 00:00;;9,62;Intimates;JMS Comfort Lace with Hidden Shaper;;16,58;Women;E6FA05C07B144B6FF4D1FD1CD2BBB244;6
168835;10598;7/25/2022 8:42:00;;9,62;Intimates;JMS Comfort Lace with Hidden Shaper;;16,58;Women;E6FA05C07B144B6FF4D1FD1CD2BBB244;7
168836;10598;04/01/2020 00:00;;9,62;Intimates;JMS Comfort Lace with Hidden Shaper;;16,58;Women;E6FA05C07B144B6FF4D1FD1CD2BBB244;8
184093;10598;05/01/2023 00:00;6/28/2023 3:32:40;9,62;Intimates;JMS Comfort Lace with Hidden Shaper;;16,58;Women;E6FA05C07B144B6FF4D1FD1CD2BBB244;9
184094;10598;10/02/2022 00:00;;9,62;Intimates;JMS Comfort Lace with Hidden Shaper;;16,58;Women;E6FA05C07B144B6FF4D1FD1CD2BBB244;10
184095;10598;06/02/2022 00:00;;9,62;Intimates;JMS Comfort Lace with Hidden Shaper;;16,58;Women;E6FA05C07B144B6FF4D1FD1CD2BBB244;1
184096;10598;2/28/2021 12:51:00;;9,62;Intimates;JMS Comfort Lace with Hidden Shaper;;16,58;Women;E6FA05C07B144B6FF4D1FD1CD2BBB244;2
300372;10598;4/21/2022 10:13:22;5/19/2022 11:31:22;9,62;Intimates;JMS Comfort Lace with Hidden Shaper;;16,58;Women;E6FA05C07B144B6FF4D1FD1CD2BBB244;3
300373;10598;2/29/2020 4:16:00;;9,62;Intimates;JMS Comfort Lace with Hidden Shaper;;16,58;Women;E6FA05C07B144B6FF4D1FD1CD2BBB244;4
300374;10598;8/26/2022 10:51:00;;9,62;Intimates;JMS Comfort Lace with Hidden Shaper;;16,58;Women;E6FA05C07B144B6FF4D1FD1CD2BBB244;5
300375;10598;5/15/2023 7:47:00;;9,62;Intimates;JMS Comfort Lace with Hidden Shaper;;16,58;Women;E6FA05C07B144B6FF4D1FD1CD2BBB244;6
446223;10598;2/17/2023 13:17:29;04/05/2023 00:00;9,62;Intimates;JMS Comfort Lace with Hidden Shaper;;16,58;Women;E6FA05C07B144B6FF4D1FD1CD2BBB244;7
446224;10598;5/18/2020 6:22:00;;9,62;Intimates;JMS Comfort Lace with Hidden Shaper;;16,58;Women;E6FA05C07B144B6FF4D1FD1CD2BBB244;8
488557;10598;6/23/2019 22:02:18;7/18/2019 4:39:18;9,62;Intimates;JMS Comfort Lace with Hidden Shaper;;16,58;Women;E6FA05C07B144B6FF4D1FD1CD2BBB244;9
488558;10598;5/22/2020 10:20:00;;9,62;Intimates;JMS Comfort Lace with Hidden Shaper;;16,58;Women;E6FA05C07B144B6FF4D1FD1CD2BBB244;10
488559;10598;04/12/2023 00:00;;9,62;Intimates;JMS Comfort Lace with Hidden Shaper;;16,58;Women;E6FA05C07B144B6FF4D1FD1CD2BBB244;1
488560;10598;11/21/2022 12:11:00;;9,62;Intimates;JMS Comfort Lace with Hidden Shaper;;16,58;Women;E6FA05C07B144B6FF4D1FD1CD2BBB244;2
62620;15723;11/29/2020 9:32:07;12/06/2020 00:00;4,88;Plus;Vintage Wayfarer Nerd Retro 80s Mirrored Sunglasses W132;;9,99;Women;67F19FD0431CAC0AC7F8EA986BBF8B9B;3
62621;15723;11/12/2022 00:00;;4,88;Plus;Vintage Wayfarer Nerd Retro 80s Mirrored Sunglasses W132;;9,99;Women;67F19FD0431CAC0AC7F8EA986BBF8B9B;4
120484;15723;05/01/2023 00:00;05/09/2023 00:00;4,88;Plus;Vintage Wayfarer Nerd Retro 80s Mirrored Sunglasses W132;;9,99;Women;67F19FD0431CAC0AC7F8EA986BBF8B9B;5
120485;15723;02/03/2022 00:00;;4,88;Plus;Vintage Wayfarer Nerd Retro 80s Mirrored Sunglasses W132;;9,99;Women;67F19FD0431CAC0AC7F8EA986BBF8B9B;6
136635;15723;8/13/2022 16:07:45;9/15/2022 14:12:45;4,88;Plus;Vintage Wayfarer Nerd Retro 80s Mirrored Sunglasses W132;;9,99;Women;67F19FD0431CAC0AC7F8EA986BBF8B9B;7
136636;15723;4/16/2020 0:33:00;;4,88;Plus;Vintage Wayfarer Nerd Retro 80s Mirrored Sunglasses W132;;9,99;Women;67F19FD0431CAC0AC7F8EA986BBF8B9B;8
144140;15723;5/15/2021 19:54:52;06/07/2021 00:00;4,88;Plus;Vintage Wayfarer Nerd Retro 80s Mirrored Sunglasses W132;;9,99;Women;67F19FD0431CAC0AC7F8EA986BBF8B9B;9
144141;15723;10/24/2021 7:42:00;;4,88;Plus;Vintage Wayfarer Nerd Retro 80s Mirrored Sunglasses W132;;9,99;Women;67F19FD0431CAC0AC7F8EA986BBF8B9B;10
144142;15723;10/08/2021 00:00;;4,88;Plus;Vintage Wayfarer Nerd Retro 80s Mirrored Sunglasses W132;;9,99;Women;67F19FD0431CAC0AC7F8EA986BBF8B9B;1
476011;15723;10/12/2022 00:00;11/17/2022 16:33:55;4,88;Plus;Vintage Wayfarer Nerd Retro 80s Mirrored Sunglasses W132;;9,99;Women;67F19FD0431CAC0AC7F8EA986BBF8B9B;2
476012;15723;7/28/2020 10:50:00;;4,88;Plus;Vintage Wayfarer Nerd Retro 80s Mirrored Sunglasses W132;;9,99;Women;67F19FD0431CAC0AC7F8EA986BBF8B9B;3
476013;15723;04/04/2022 00:00;;4,88;Plus;Vintage Wayfarer Nerd Retro 80s Mirrored Sunglasses W132;;9,99;Women;67F19FD0431CAC0AC7F8EA986BBF8B9B;4
476014;15723;04/06/2023 00:00;;4,88;Plus;Vintage Wayfarer Nerd Retro 80s Mirrored Sunglasses W132;;9,99;Women;67F19FD0431CAC0AC7F8EA986BBF8B9B;5
210738;11389;05/01/2019 00:00;5/19/2019 22:42:29;12,51;Intimates;Shadowline 36 Flare Half Slip (47116);;23;Women;47C6D232C6A4468118A74A72097B1876;6
210739;11389;4/19/2022 11:43:00;;12,51;Intimates;Shadowline 36 Flare Half Slip (47116);;23;Women;47C6D232C6A4468118A74A72097B1876;7
333205;11389;2/27/2020 20:34:00;03/12/2020 00:00;12,51;Intimates;Shadowline 36 Flare Half Slip (47116);;23;Women;47C6D232C6A4468118A74A72097B1876;8
333206;11389;08/12/2020 00:00;;12,51;Intimates;Shadowline 36 Flare Half Slip (47116);;23;Women;47C6D232C6A4468118A74A72097B1876;9
409418;11389;2/17/2022 20:32:53;2/24/2022 1:35:53;12,51;Intimates;Shadowline 36 Flare Half Slip (47116);;23;Women;47C6D232C6A4468118A74A72097B1876;10
409419;11389;3/18/2021 18:08:00;;12,51;Intimates;Shadowline 36 Flare Half Slip (47116);;23;Women;47C6D232C6A4468118A74A72097B1876;1
420613;11389;9/23/2021 4:38:50;10/20/2021 10:37:50;12,51;Intimates;Shadowline 36 Flare Half Slip (47116);;23;Women;47C6D232C6A4468118A74A72097B1876;2
420614;11389;9/20/2021 4:16:00;;12,51;Intimates;Shadowline 36 Flare Half Slip (47116);;23;Women;47C6D232C6A4468118A74A72097B1876;3
32616;15757;6/13/2022 18:53:23;7/16/2022 4:12:23;2,24;Plus;NEW Aluminum Credit Card Wallet - RFID Blocking Case - Pink (New Products);;4,21;Women;054826216783428249A279BA5B984315;4
32617;15757;4/14/2023 0:57:00;;2,24;Plus;NEW Aluminum Credit Card Wallet - RFID Blocking Case - Pink (New Products);;4,21;Women;054826216783428249A279BA5B984315;5
168555;15757;4/20/2023 20:05:33;5/21/2023 17:44:33;2,24;Plus;NEW Aluminum Credit Card Wallet - RFID Blocking Case - Pink (New Products);;4,21;Women;054826216783428249A279BA5B984315;6
168556;15757;5/14/2023 4:37:00;;2,24;Plus;NEW Aluminum Credit Card Wallet - RFID Blocking Case - Pink (New Products);;4,21;Women;054826216783428249A279BA5B984315;7
168557;15757;9/14/2022 8:16:00;;2,24;Plus;NEW Aluminum Credit Card Wallet - RFID Blocking Case - Pink (New Products);;4,21;Women;054826216783428249A279BA5B984315;8
185499;15757;1/17/2023 7:15:22;2/27/2023 11:19:22;2,24;Plus;NEW Aluminum Credit Card Wallet - RFID Blocking Case - Pink (New Products);;4,21;Women;054826216783428249A279BA5B984315;9
185500;15757;7/15/2021 18:47:00;;2,24;Plus;NEW Aluminum Credit Card Wallet - RFID Blocking Case - Pink (New Products);;4,21;Women;054826216783428249A279BA5B984315;10
185501;15757;04/12/2020 00:00;;2,24;Plus;NEW Aluminum Credit Card Wallet - RFID Blocking Case - Pink (New Products);;4,21;Women;054826216783428249A279BA5B984315;1
185502;15757;3/20/2020 4:28:00;;2,24;Plus;NEW Aluminum Credit Card Wallet - RFID Blocking Case - Pink (New Products);;4,21;Women;054826216783428249A279BA5B984315;2
282364;15757;07/09/2022 00:00;08/04/2022 00:00;2,24;Plus;NEW Aluminum Credit Card Wallet - RFID Blocking Case - Pink (New Products);;4,21;Women;054826216783428249A279BA5B984315;3
282365;15757;03/09/2022 00:00;;2,24;Plus;NEW Aluminum Credit Card Wallet - RFID Blocking Case - Pink (New Products);;4,21;Women;054826216783428249A279BA5B984315;4
377455;15757;12/03/2022 00:00;1/14/2023 0:09:52;2,24;Plus;NEW Aluminum Credit Card Wallet - RFID Blocking Case - Pink (New Products);;4,21;Women;054826216783428249A279BA5B984315;5
377456;15757;03/06/2020 00:00;;2,24;Plus;NEW Aluminum Credit Card Wallet - RFID Blocking Case - Pink (New Products);;4,21;Women;054826216783428249A279BA5B984315;6
377457;15757;12/05/2022 00:00;;2,24;Plus;NEW Aluminum Credit Card Wallet - RFID Blocking Case - Pink (New Products);;4,21;Women;054826216783428249A279BA5B984315;7
14129;11668;11/07/2022 00:00;11/09/2022 00:00;18,66;Intimates;Everyday Comfort Cami;;38,4;Women;67E4423AFD0FFD2F451890C0888E6F33;8
14130;11668;11/30/2022 15:10:00;;18,66;Intimates;Everyday Comfort Cami;;38,4;Women;67E4423AFD0FFD2F451890C0888E6F33;9
34278;11668;04/07/2023 00:00;5/27/2023 14:42:39;18,66;Intimates;Everyday Comfort Cami;;38,4;Women;67E4423AFD0FFD2F451890C0888E6F33;10
34279;11668;11/15/2021 4:14:00;;18,66;Intimates;Everyday Comfort Cami;;38,4;Women;67E4423AFD0FFD2F451890C0888E6F33;1
46369;11668;10/30/2022 14:25:13;12/02/2022 00:00;18,66;Intimates;Everyday Comfort Cami;;38,4;Women;67E4423AFD0FFD2F451890C0888E6F33;2
46370;11668;10/28/2022 17:33:00;;18,66;Intimates;Everyday Comfort Cami;;38,4;Women;67E4423AFD0FFD2F451890C0888E6F33;3
46371;11668;1/18/2020 8:15:00;;18,66;Intimates;Everyday Comfort Cami;;38,4;Women;67E4423AFD0FFD2F451890C0888E6F33;4
74489;11668;04/03/2020 00:00;4/28/2020 12:50:14;18,66;Intimates;Everyday Comfort Cami;;38,4;Women;67E4423AFD0FFD2F451890C0888E6F33;5
74490;11668;7/13/2021 16:00:00;;18,66;Intimates;Everyday Comfort Cami;;38,4;Women;67E4423AFD0FFD2F451890C0888E6F33;6
77703;11668;5/30/2023 6:19:14;6/23/2023 3:03:14;18,66;Intimates;Everyday Comfort Cami;;38,4;Women;67E4423AFD0FFD2F451890C0888E6F33;7
77704;11668;5/30/2020 5:51:00;;18,66;Intimates;Everyday Comfort Cami;;38,4;Women;67E4423AFD0FFD2F451890C0888E6F33;8
77705;11668;01/07/2022 00:00;;18,66;Intimates;Everyday Comfort Cami;;38,4;Women;67E4423AFD0FFD2F451890C0888E6F33;9
77706;11668;10/19/2022 10:42:00;;18,66;Intimates;Everyday Comfort Cami;;38,4;Women;67E4423AFD0FFD2F451890C0888E6F33;10
96735;11668;01/11/2023 00:00;1/20/2023 2:36:33;18,66;Intimates;Everyday Comfort Cami;;38,4;Women;67E4423AFD0FFD2F451890C0888E6F33;1
96736;11668;1/19/2023 14:09:00;;18,66;Intimates;Everyday Comfort Cami;;38,4;Women;67E4423AFD0FFD2F451890C0888E6F33;2
96737;11668;4/23/2022 15:11:00;;18,66;Intimates;Everyday Comfort Cami;;38,4;Women;67E4423AFD0FFD2F451890C0888E6F33;3
120395;11668;2/27/2023 17:25:03;03/05/2023 00:00;18,66;Intimates;Everyday Comfort Cami;;38,4;Women;67E4423AFD0FFD2F451890C0888E6F33;4
120396;11668;08/08/2020 00:00;;18,66;Intimates;Everyday Comfort Cami;;38,4;Women;67E4423AFD0FFD2F451890C0888E6F33;5
120397;11668;10/06/2021 00:00;;18,66;Intimates;Everyday Comfort Cami;;38,4;Women;67E4423AFD0FFD2F451890C0888E6F33;6
141506;11668;3/21/2023 0:28:53;04/06/2023 00:00;18,66;Intimates;Everyday Comfort Cami;;38,4;Women;67E4423AFD0FFD2F451890C0888E6F33;7
141507;11668;1/31/2020 10:42:00;;18,66;Intimates;Everyday Comfort Cami;;38,4;Women;67E4423AFD0FFD2F451890C0888E6F33;8
177707;11668;12/03/2021 00:00;01/06/2022 00:00;18,66;Intimates;Everyday Comfort Cami;;38,4;Women;67E4423AFD0FFD2F451890C0888E6F33;9
177708;11668;03/01/2023 00:00;;18,66;Intimates;Everyday Comfort Cami;;38,4;Women;67E4423AFD0FFD2F451890C0888E6F33;10
177709;11668;10/19/2021 18:58:00;;18,66;Intimates;Everyday Comfort Cami;;38,4;Women;67E4423AFD0FFD2F451890C0888E6F33;1
269801;11668;12/13/2021 15:43:09;12/25/2021 4:10:09;18,66;Intimates;Everyday Comfort Cami;;38,4;Women;67E4423AFD0FFD2F451890C0888E6F33;2
269802;11668;03/08/2023 00:00;;18,66;Intimates;Everyday Comfort Cami;;38,4;Women;67E4423AFD0FFD2F451890C0888E6F33;3
322484;11668;03/04/2021 00:00;3/18/2021 11:09:30;18,66;Intimates;Everyday Comfort Cami;;38,4;Women;67E4423AFD0FFD2F451890C0888E6F33;4
322485;11668;10/01/2021 00:00;;18,66;Intimates;Everyday Comfort Cami;;38,4;Women;67E4423AFD0FFD2F451890C0888E6F33;5
369075;11668;10/27/2021 5:46:06;12/23/2021 11:25:06;18,66;Intimates;Everyday Comfort Cami;;38,4;Women;67E4423AFD0FFD2F451890C0888E6F33;6
369076;11668;04/11/2023 00:00;;18,66;Intimates;Everyday Comfort Cami;;38,4;Women;67E4423AFD0FFD2F451890C0888E6F33;7
434577;11668;1/24/2020 15:02:04;1/27/2020 9:19:04;18,66;Intimates;Everyday Comfort Cami;;38,4;Women;67E4423AFD0FFD2F451890C0888E6F33;8
434578;11668;8/22/2020 17:47:00;;18,66;Intimates;Everyday Comfort Cami;;38,4;Women;67E4423AFD0FFD2F451890C0888E6F33;9
434579;11668;4/27/2021 2:33:00;;18,66;Intimates;Everyday Comfort Cami;;38,4;Women;67E4423AFD0FFD2F451890C0888E6F33;10
456658;11668;8/31/2019 9:39:07;9/16/2019 0:00:07;18,66;Intimates;Everyday Comfort Cami;;38,4;Women;67E4423AFD0FFD2F451890C0888E6F33;1
456659;11668;10/23/2020 15:59:00;;18,66;Intimates;Everyday Comfort Cami;;38,4;Women;67E4423AFD0FFD2F451890C0888E6F33;2
145688;27543;7/17/2019 3:30:07;7/24/2019 10:39:07;19,87;Swim;Harbor Bay Big & Tall Swim Rash Guard;;36;Men;50E9EA9C1BC5E6067AB7C0D8FBDD5F21;3
145689;27543;04/07/2023 00:00;;19,87;Swim;Harbor Bay Big & Tall Swim Rash Guard;;36;Men;50E9EA9C1BC5E6067AB7C0D8FBDD5F21;4
145690;27543;03/07/2020 00:00;;19,87;Swim;Harbor Bay Big & Tall Swim Rash Guard;;36;Men;50E9EA9C1BC5E6067AB7C0D8FBDD5F21;5
336416;27543;4/30/2023 6:52:29;5/14/2023 9:51:29;19,87;Swim;Harbor Bay Big & Tall Swim Rash Guard;;36;Men;50E9EA9C1BC5E6067AB7C0D8FBDD5F21;6
336417;27543;08/08/2020 00:00;;19,87;Swim;Harbor Bay Big & Tall Swim Rash Guard;;36;Men;50E9EA9C1BC5E6067AB7C0D8FBDD5F21;7
336418;27543;7/18/2022 9:03:00;;19,87;Swim;Harbor Bay Big & Tall Swim Rash Guard;;36;Men;50E9EA9C1BC5E6067AB7C0D8FBDD5F21;8
336419;27543;3/28/2021 8:27:00;;19,87;Swim;Harbor Bay Big & Tall Swim Rash Guard;;36;Men;50E9EA9C1BC5E6067AB7C0D8FBDD5F21;9
421057;27543;8/31/2019 14:53:08;9/28/2019 2:21:08;19,87;Swim;Harbor Bay Big & Tall Swim Rash Guard;;36;Men;50E9EA9C1BC5E6067AB7C0D8FBDD5F21;10
421058;27543;7/15/2021 18:18:00;;19,87;Swim;Harbor Bay Big & Tall Swim Rash Guard;;36;Men;50E9EA9C1BC5E6067AB7C0D8FBDD5F21;1
141942;8600;4/30/2023 6:57:18;5/26/2023 4:38:18;16,02;Outerwear & Coats;Women's Micro Fleece Vest (up to size 4X);;35,99;Women;CE840AA9583592E71F3DB26EE6E41703;2
141943;8600;06/01/2023 00:00;;16,02;Outerwear & Coats;Women's Micro Fleece Vest (up to size 4X);;35,99;Women;CE840AA9583592E71F3DB26EE6E41703;3
141944;8600;04/02/2021 00:00;;16,02;Outerwear & Coats;Women's Micro Fleece Vest (up to size 4X);;35,99;Women;CE840AA9583592E71F3DB26EE6E41703;4
153036;8600;06/10/2023 00:00;6/24/2023 15:45:54;16,02;Outerwear & Coats;Women's Micro Fleece Vest (up to size 4X);;35,99;Women;CE840AA9583592E71F3DB26EE6E41703;5
153037;8600;6/19/2020 16:18:00;;16,02;Outerwear & Coats;Women's Micro Fleece Vest (up to size 4X);;35,99;Women;CE840AA9583592E71F3DB26EE6E41703;6
153038;8600;01/02/2021 00:00;;16,02;Outerwear & Coats;Women's Micro Fleece Vest (up to size 4X);;35,99;Women;CE840AA9583592E71F3DB26EE6E41703;7
249319;8600;06/05/2021 00:00;7/21/2021 1:06:02;16,02;Outerwear & Coats;Women's Micro Fleece Vest (up to size 4X);;35,99;Women;CE840AA9583592E71F3DB26EE6E41703;8
249320;8600;2/26/2022 3:08:00;;16,02;Outerwear & Coats;Women's Micro Fleece Vest (up to size 4X);;35,99;Women;CE840AA9583592E71F3DB26EE6E41703;9
269674;8600;07/10/2022 00:00;08/07/2022 00:00;16,02;Outerwear & Coats;Women's Micro Fleece Vest (up to size 4X);;35,99;Women;CE840AA9583592E71F3DB26EE6E41703;10
269675;8600;12/24/2021 5:38:00;;16,02;Outerwear & Coats;Women's Micro Fleece Vest (up to size 4X);;35,99;Women;CE840AA9583592E71F3DB26EE6E41703;1
269676;8600;6/20/2020 10:55:00;;16,02;Outerwear & Coats;Women's Micro Fleece Vest (up to size 4X);;35,99;Women;CE840AA9583592E71F3DB26EE6E41703;2
328111;8600;2/20/2022 1:28:52;3/31/2022 14:09:52;16,02;Outerwear & Coats;Women's Micro Fleece Vest (up to size 4X);;35,99;Women;CE840AA9583592E71F3DB26EE6E41703;3
328112;8600;09/07/2020 00:00;;16,02;Outerwear & Coats;Women's Micro Fleece Vest (up to size 4X);;35,99;Women;CE840AA9583592E71F3DB26EE6E41703;4
369071;8600;12/09/2021 00:00;12/25/2021 8:06:02;16,02;Outerwear & Coats;Women's Micro Fleece Vest (up to size 4X);;35,99;Women;CE840AA9583592E71F3DB26EE6E41703;5
369072;8600;7/14/2020 2:43:00;;16,02;Outerwear & Coats;Women's Micro Fleece Vest (up to size 4X);;35,99;Women;CE840AA9583592E71F3DB26EE6E41703;6
369073;8600;9/19/2021 7:04:00;;16,02;Outerwear & Coats;Women's Micro Fleece Vest (up to size 4X);;35,99;Women;CE840AA9583592E71F3DB26EE6E41703;7
369074;8600;08/04/2021 00:00;;16,02;Outerwear & Coats;Women's Micro Fleece Vest (up to size 4X);;35,99;Women;CE840AA9583592E71F3DB26EE6E41703;8
415944;8600;03/11/2023 00:00;04/08/2023 00:00;16,02;Outerwear & Coats;Women's Micro Fleece Vest (up to size 4X);;35,99;Women;CE840AA9583592E71F3DB26EE6E41703;9
415945;8600;8/17/2021 8:35:00;;16,02;Outerwear & Coats;Women's Micro Fleece Vest (up to size 4X);;35,99;Women;CE840AA9583592E71F3DB26EE6E41703;10
415946;8600;2/14/2021 9:31:00;;16,02;Outerwear & Coats;Women's Micro Fleece Vest (up to size 4X);;35,99;Women;CE840AA9583592E71F3DB26EE6E41703;1
466360;8600;6/27/2022 23:34:56;8/19/2022 21:16:56;16,02;Outerwear & Coats;Women's Micro Fleece Vest (up to size 4X);;35,99;Women;CE840AA9583592E71F3DB26EE6E41703;2
466361;8600;12/30/2022 2:37:00;;16,02;Outerwear & Coats;Women's Micro Fleece Vest (up to size 4X);;35,99;Women;CE840AA9583592E71F3DB26EE6E41703;3
466362;8600;12/17/2021 10:30:00;;16,02;Outerwear & Coats;Women's Micro Fleece Vest (up to size 4X);;35,99;Women;CE840AA9583592E71F3DB26EE6E41703;4
466363;8600;10/13/2022 4:39:00;;16,02;Outerwear & Coats;Women's Micro Fleece Vest (up to size 4X);;35,99;Women;CE840AA9583592E71F3DB26EE6E41703;5
71227;27288;02/09/2021 00:00;2/17/2021 0:03:49;12,73;Sleep & Lounge;White and Black Check Dot VIP Flannel Pants for lounging sleep sports. Unisex relaxed fit;;28,99;Men;97FB74BBDD02677ADC1A871FDD16AC7A;6
71228;27288;10/14/2022 4:40:00;;12,73;Sleep & Lounge;White and Black Check Dot VIP Flannel Pants for lounging sleep sports. Unisex relaxed fit;;28,99;Men;97FB74BBDD02677ADC1A871FDD16AC7A;7
257762;27288;1/27/2023 3:05:06;3/26/2023 0:07:06;12,73;Sleep & Lounge;White and Black Check Dot VIP Flannel Pants for lounging sleep sports. Unisex relaxed fit;;28,99;Men;97FB74BBDD02677ADC1A871FDD16AC7A;8
257763;27288;7/16/2022 18:32:00;;12,73;Sleep & Lounge;White and Black Check Dot VIP Flannel Pants for lounging sleep sports. Unisex relaxed fit;;28,99;Men;97FB74BBDD02677ADC1A871FDD16AC7A;9
257764;27288;5/20/2023 6:12:00;;12,73;Sleep & Lounge;White and Black Check Dot VIP Flannel Pants for lounging sleep sports. Unisex relaxed fit;;28,99;Men;97FB74BBDD02677ADC1A871FDD16AC7A;10
372166;27288;01/07/2022 00:00;1/14/2022 0:07:45;12,73;Sleep & Lounge;White and Black Check Dot VIP Flannel Pants for lounging sleep sports. Unisex relaxed fit;;28,99;Men;97FB74BBDD02677ADC1A871FDD16AC7A;1
372167;27288;10/14/2021 13:53:00;;12,73;Sleep & Lounge;White and Black Check Dot VIP Flannel Pants for lounging sleep sports. Unisex relaxed fit;;28,99;Men;97FB74BBDD02677ADC1A871FDD16AC7A;2
372168;27288;5/20/2022 3:51:00;;12,73;Sleep & Lounge;White and Black Check Dot VIP Flannel Pants for lounging sleep sports. Unisex relaxed fit;;28,99;Men;97FB74BBDD02677ADC1A871FDD16AC7A;3
434839;27288;03/09/2023 00:00;05/06/2023 00:00;12,73;Sleep & Lounge;White and Black Check Dot VIP Flannel Pants for lounging sleep sports. Unisex relaxed fit;;28,99;Men;97FB74BBDD02677ADC1A871FDD16AC7A;4
434840;27288;1/25/2022 12:08:00;;12,73;Sleep & Lounge;White and Black Check Dot VIP Flannel Pants for lounging sleep sports. Unisex relaxed fit;;28,99;Men;97FB74BBDD02677ADC1A871FDD16AC7A;5
4706;16559;01/08/2022 00:00;1/17/2022 7:00:04;14,94;Tops & Tees;Gildan Adult Ultra CottonTM Sleeveless T-Shirt;;25,99;Men;DC0FC2D90D6102BA02D0206857EAAC51;6
4707;16559;9/24/2020 16:59:00;;14,94;Tops & Tees;Gildan Adult Ultra CottonTM Sleeveless T-Shirt;;25,99;Men;DC0FC2D90D6102BA02D0206857EAAC51;7
31891;16559;03/11/2023 00:00;3/20/2023 15:32:47;14,94;Tops & Tees;Gildan Adult Ultra CottonTM Sleeveless T-Shirt;;25,99;Men;DC0FC2D90D6102BA02D0206857EAAC51;8
31892;16559;7/17/2020 7:47:00;;14,94;Tops & Tees;Gildan Adult Ultra CottonTM Sleeveless T-Shirt;;25,99;Men;DC0FC2D90D6102BA02D0206857EAAC51;9
50898;16559;11/01/2022 00:00;12/27/2022 9:37:27;14,94;Tops & Tees;Gildan Adult Ultra CottonTM Sleeveless T-Shirt;;25,99;Men;DC0FC2D90D6102BA02D0206857EAAC51;10
50899;16559;6/23/2023 2:48:00;;14,94;Tops & Tees;Gildan Adult Ultra CottonTM Sleeveless T-Shirt;;25,99;Men;DC0FC2D90D6102BA02D0206857EAAC51;1
114390;16559;02/04/2023 00:00;03/10/2023 00:00;14,94;Tops & Tees;Gildan Adult Ultra CottonTM Sleeveless T-Shirt;;25,99;Men;DC0FC2D90D6102BA02D0206857EAAC51;2
114391;16559;02/11/2021 00:00;;14,94;Tops & Tees;Gildan Adult Ultra CottonTM Sleeveless T-Shirt;;25,99;Men;DC0FC2D90D6102BA02D0206857EAAC51;3
114392;16559;04/11/2023 00:00;;14,94;Tops & Tees;Gildan Adult Ultra CottonTM Sleeveless T-Shirt;;25,99;Men;DC0FC2D90D6102BA02D0206857EAAC51;4
114393;16559;02/02/2021 00:00;;14,94;Tops & Tees;Gildan Adult Ultra CottonTM Sleeveless T-Shirt;;25,99;Men;DC0FC2D90D6102BA02D0206857EAAC51;5
153378;16559;8/16/2021 17:07:01;8/24/2021 10:20:01;14,94;Tops & Tees;Gildan Adult Ultra CottonTM Sleeveless T-Shirt;;25,99;Men;DC0FC2D90D6102BA02D0206857EAAC51;6
153379;16559;3/18/2021 17:31:00;;14,94;Tops & Tees;Gildan Adult Ultra CottonTM Sleeveless T-Shirt;;25,99;Men;DC0FC2D90D6102BA02D0206857EAAC51;7
211975;16559;03/10/2023 00:00;3/18/2023 4:45:14;14,94;Tops & Tees;Gildan Adult Ultra CottonTM Sleeveless T-Shirt;;25,99;Men;DC0FC2D90D6102BA02D0206857EAAC51;8
211976;16559;3/17/2022 12:37:00;;14,94;Tops & Tees;Gildan Adult Ultra CottonTM Sleeveless T-Shirt;;25,99;Men;DC0FC2D90D6102BA02D0206857EAAC51;9
211977;16559;2/18/2020 0:42:00;;14,94;Tops & Tees;Gildan Adult Ultra CottonTM Sleeveless T-Shirt;;25,99;Men;DC0FC2D90D6102BA02D0206857EAAC51;10
211978;16559;8/16/2022 18:15:00;;14,94;Tops & Tees;Gildan Adult Ultra CottonTM Sleeveless T-Shirt;;25,99;Men;DC0FC2D90D6102BA02D0206857EAAC51;1
279414;16559;4/15/2023 9:08:28;05/03/2023 00:00;14,94;Tops & Tees;Gildan Adult Ultra CottonTM Sleeveless T-Shirt;;25,99;Men;DC0FC2D90D6102BA02D0206857EAAC51;2
279415;16559;6/19/2022 14:00:00;;14,94;Tops & Tees;Gildan Adult Ultra CottonTM Sleeveless T-Shirt;;25,99;Men;DC0FC2D90D6102BA02D0206857EAAC51;3
45074;16309;1/27/2023 17:48:02;3/21/2023 14:50:02;11,52;Tops & Tees;Hurley Men's One and Only Short Sleeve Tee;;20;Men;88E0F16114A1E011C87B797513095A20;4
45075;16309;3/16/2020 2:34:00;;11,52;Tops & Tees;Hurley Men's One and Only Short Sleeve Tee;;20;Men;88E0F16114A1E011C87B797513095A20;5
68282;16309;1/30/2023 7:59:28;03/11/2023 00:00;11,52;Tops & Tees;Hurley Men's One and Only Short Sleeve Tee;;20;Men;88E0F16114A1E011C87B797513095A20;6
68283;16309;06/11/2021 00:00;;11,52;Tops & Tees;Hurley Men's One and Only Short Sleeve Tee;;20;Men;88E0F16114A1E011C87B797513095A20;7
108109;16309;8/26/2022 12:40:10;10/14/2022 12:11:10;11,52;Tops & Tees;Hurley Men's One and Only Short Sleeve Tee;;20;Men;88E0F16114A1E011C87B797513095A20;8
108110;16309;8/18/2021 8:58:00;;11,52;Tops & Tees;Hurley Men's One and Only Short Sleeve Tee;;20;Men;88E0F16114A1E011C87B797513095A20;9
168455;16309;5/13/2023 18:32:10;6/27/2023 12:25:10;11,52;Tops & Tees;Hurley Men's One and Only Short Sleeve Tee;;20;Men;88E0F16114A1E011C87B797513095A20;10
168456;16309;3/13/2021 15:18:00;;11,52;Tops & Tees;Hurley Men's One and Only Short Sleeve Tee;;20;Men;88E0F16114A1E011C87B797513095A20;1
177010;16309;1/29/2023 3:53:38;3/22/2023 14:54:38;11,52;Tops & Tees;Hurley Men's One and Only Short Sleeve Tee;;20;Men;88E0F16114A1E011C87B797513095A20;2
177011;16309;12/08/2022 00:00;;11,52;Tops & Tees;Hurley Men's One and Only Short Sleeve Tee;;20;Men;88E0F16114A1E011C87B797513095A20;3
279987;16309;07/04/2021 00:00;8/22/2021 22:23:31;11,52;Tops & Tees;Hurley Men's One and Only Short Sleeve Tee;;20;Men;88E0F16114A1E011C87B797513095A20;4
279988;16309;02/04/2023 00:00;;11,52;Tops & Tees;Hurley Men's One and Only Short Sleeve Tee;;20;Men;88E0F16114A1E011C87B797513095A20;5
66054;21207;8/29/2021 5:27:00;10/24/2021 17:00:00;30,75;Jeans;Ariat 9424 Men's M4 Low Rise Boot Tumbled;;59,95;Men;A59687B426E9EB30465997EB54862A2E;6
66055;21207;4/27/2023 4:38:00;;30,75;Jeans;Ariat 9424 Men's M4 Low Rise Boot Tumbled;;59,95;Men;A59687B426E9EB30465997EB54862A2E;7
119400;21207;8/24/2021 3:28:55;10/03/2021 00:00;30,75;Jeans;Ariat 9424 Men's M4 Low Rise Boot Tumbled;;59,95;Men;A59687B426E9EB30465997EB54862A2E;8
119401;21207;03/06/2023 00:00;;30,75;Jeans;Ariat 9424 Men's M4 Low Rise Boot Tumbled;;59,95;Men;A59687B426E9EB30465997EB54862A2E;9
138775;21207;2/18/2023 10:12:14;03/10/2023 00:00;30,75;Jeans;Ariat 9424 Men's M4 Low Rise Boot Tumbled;;59,95;Men;A59687B426E9EB30465997EB54862A2E;10
138776;21207;8/19/2020 13:39:00;;30,75;Jeans;Ariat 9424 Men's M4 Low Rise Boot Tumbled;;59,95;Men;A59687B426E9EB30465997EB54862A2E;1
138777;21207;04/05/2022 00:00;;30,75;Jeans;Ariat 9424 Men's M4 Low Rise Boot Tumbled;;59,95;Men;A59687B426E9EB30465997EB54862A2E;2
138778;21207;06/01/2020 00:00;;30,75;Jeans;Ariat 9424 Men's M4 Low Rise Boot Tumbled;;59,95;Men;A59687B426E9EB30465997EB54862A2E;3
214654;21207;10/10/2022 00:00;11/15/2022 23:33:12;30,75;Jeans;Ariat 9424 Men's M4 Low Rise Boot Tumbled;;59,95;Men;A59687B426E9EB30465997EB54862A2E;4
214655;21207;05/04/2021 00:00;;30,75;Jeans;Ariat 9424 Men's M4 Low Rise Boot Tumbled;;59,95;Men;A59687B426E9EB30465997EB54862A2E;5
305583;21207;5/18/2020 21:38:10;06/08/2020 00:00;30,75;Jeans;Ariat 9424 Men's M4 Low Rise Boot Tumbled;;59,95;Men;A59687B426E9EB30465997EB54862A2E;6
305584;21207;12/04/2021 00:00;;30,75;Jeans;Ariat 9424 Men's M4 Low Rise Boot Tumbled;;59,95;Men;A59687B426E9EB30465997EB54862A2E;7
305585;21207;3/28/2021 11:27:00;;30,75;Jeans;Ariat 9424 Men's M4 Low Rise Boot Tumbled;;59,95;Men;A59687B426E9EB30465997EB54862A2E;8
305586;21207;5/28/2021 5:42:00;;30,75;Jeans;Ariat 9424 Men's M4 Low Rise Boot Tumbled;;59,95;Men;A59687B426E9EB30465997EB54862A2E;9
314953;21207;05/06/2019 00:00;5/30/2019 23:59:43;30,75;Jeans;Ariat 9424 Men's M4 Low Rise Boot Tumbled;;59,95;Men;A59687B426E9EB30465997EB54862A2E;10
314954;21207;12/28/2021 11:44:00;;30,75;Jeans;Ariat 9424 Men's M4 Low Rise Boot Tumbled;;59,95;Men;A59687B426E9EB30465997EB54862A2E;1
409500;21207;3/24/2023 6:02:20;04/12/2023 00:00;30,75;Jeans;Ariat 9424 Men's M4 Low Rise Boot Tumbled;;59,95;Men;A59687B426E9EB30465997EB54862A2E;2
409501;21207;01/11/2021 00:00;;30,75;Jeans;Ariat 9424 Men's M4 Low Rise Boot Tumbled;;59,95;Men;A59687B426E9EB30465997EB54862A2E;3
409502;21207;4/15/2021 11:09:00;;30,75;Jeans;Ariat 9424 Men's M4 Low Rise Boot Tumbled;;59,95;Men;A59687B426E9EB30465997EB54862A2E;4
437293;21207;12/14/2022 7:17:24;12/18/2022 9:53:24;30,75;Jeans;Ariat 9424 Men's M4 Low Rise Boot Tumbled;;59,95;Men;A59687B426E9EB30465997EB54862A2E;5
437294;21207;06/05/2022 00:00;;30,75;Jeans;Ariat 9424 Men's M4 Low Rise Boot Tumbled;;59,95;Men;A59687B426E9EB30465997EB54862A2E;6
437295;21207;11/01/2022 00:00;;30,75;Jeans;Ariat 9424 Men's M4 Low Rise Boot Tumbled;;59,95;Men;A59687B426E9EB30465997EB54862A2E;7
455196;21207;2/25/2019 11:10:13;03/03/2019 00:00;30,75;Jeans;Ariat 9424 Men's M4 Low Rise Boot Tumbled;;59,95;Men;A59687B426E9EB30465997EB54862A2E;8
455197;21207;12/30/2021 5:03:00;;30,75;Jeans;Ariat 9424 Men's M4 Low Rise Boot Tumbled;;59,95;Men;A59687B426E9EB30465997EB54862A2E;9
131710;23769;3/13/2021 13:31:27;4/23/2021 5:53:27;18,54;Outerwear & Coats;Stormtech Men's Chinook Fleece Vest;;45;Men;1C51851B7A12EED5C6DDBEE10E6EA94C;10
131711;23769;02/08/2020 00:00;;18,54;Outerwear & Coats;Stormtech Men's Chinook Fleece Vest;;45;Men;1C51851B7A12EED5C6DDBEE10E6EA94C;1
131712;23769;12/14/2020 3:38:00;;18,54;Outerwear & Coats;Stormtech Men's Chinook Fleece Vest;;45;Men;1C51851B7A12EED5C6DDBEE10E6EA94C;2
267440;23769;7/17/2022 19:05:08;7/26/2022 9:28:08;18,54;Outerwear & Coats;Stormtech Men's Chinook Fleece Vest;;45;Men;1C51851B7A12EED5C6DDBEE10E6EA94C;3
267441;23769;04/11/2022 00:00;;18,54;Outerwear & Coats;Stormtech Men's Chinook Fleece Vest;;45;Men;1C51851B7A12EED5C6DDBEE10E6EA94C;4
267442;23769;08/06/2020 00:00;;18,54;Outerwear & Coats;Stormtech Men's Chinook Fleece Vest;;45;Men;1C51851B7A12EED5C6DDBEE10E6EA94C;5
294647;23769;06/07/2021 00:00;08/01/2021 00:00;18,54;Outerwear & Coats;Stormtech Men's Chinook Fleece Vest;;45;Men;1C51851B7A12EED5C6DDBEE10E6EA94C;6
294648;23769;9/21/2022 1:24:00;;18,54;Outerwear & Coats;Stormtech Men's Chinook Fleece Vest;;45;Men;1C51851B7A12EED5C6DDBEE10E6EA94C;7
386656;23769;1/20/2022 16:30:30;2/27/2022 1:36:30;18,54;Outerwear & Coats;Stormtech Men's Chinook Fleece Vest;;45;Men;1C51851B7A12EED5C6DDBEE10E6EA94C;8
386657;23769;05/01/2022 00:00;;18,54;Outerwear & Coats;Stormtech Men's Chinook Fleece Vest;;45;Men;1C51851B7A12EED5C6DDBEE10E6EA94C;9
386658;23769;10/27/2021 3:46:00;;18,54;Outerwear & Coats;Stormtech Men's Chinook Fleece Vest;;45;Men;1C51851B7A12EED5C6DDBEE10E6EA94C;10
415134;23769;10/19/2022 4:33:41;11/19/2022 2:37:41;18,54;Outerwear & Coats;Stormtech Men's Chinook Fleece Vest;;45;Men;1C51851B7A12EED5C6DDBEE10E6EA94C;1
415135;23769;02/03/2022 00:00;;18,54;Outerwear & Coats;Stormtech Men's Chinook Fleece Vest;;45;Men;1C51851B7A12EED5C6DDBEE10E6EA94C;2
484383;23769;3/13/2022 17:23:05;05/06/2022 00:00;18,54;Outerwear & Coats;Stormtech Men's Chinook Fleece Vest;;45;Men;1C51851B7A12EED5C6DDBEE10E6EA94C;3
484384;23769;7/28/2022 14:43:00;;18,54;Outerwear & Coats;Stormtech Men's Chinook Fleece Vest;;45;Men;1C51851B7A12EED5C6DDBEE10E6EA94C;4
484385;23769;04/05/2020 00:00;;18,54;Outerwear & Coats;Stormtech Men's Chinook Fleece Vest;;45;Men;1C51851B7A12EED5C6DDBEE10E6EA94C;5
488920;23769;4/27/2022 2:28:16;6/22/2022 15:08:16;18,54;Outerwear & Coats;Stormtech Men's Chinook Fleece Vest;;45;Men;1C51851B7A12EED5C6DDBEE10E6EA94C;6
488921;23769;11/28/2021 6:20:00;;18,54;Outerwear & Coats;Stormtech Men's Chinook Fleece Vest;;45;Men;1C51851B7A12EED5C6DDBEE10E6EA94C;7
488922;23769;3/15/2022 18:41:00;;18,54;Outerwear & Coats;Stormtech Men's Chinook Fleece Vest;;45;Men;1C51851B7A12EED5C6DDBEE10E6EA94C;8
488923;23769;4/29/2021 12:32:00;;18,54;Outerwear & Coats;Stormtech Men's Chinook Fleece Vest;;45;Men;1C51851B7A12EED5C6DDBEE10E6EA94C;9
42436;24287;11/05/2022 00:00;12/02/2022 00:00;39,49;Outerwear & Coats;Adidas Men's Hiking Hooded 1Side Fleece Jacket;;89,95;Men;9F62C81D7B48E146423F79C9E151510D;10
42437;24287;5/14/2023 8:09:00;;39,49;Outerwear & Coats;Adidas Men's Hiking Hooded 1Side Fleece Jacket;;89,95;Men;9F62C81D7B48E146423F79C9E151510D;1
42438;24287;05/10/2022 00:00;;39,49;Outerwear & Coats;Adidas Men's Hiking Hooded 1Side Fleece Jacket;;89,95;Men;9F62C81D7B48E146423F79C9E151510D;2
45875;24287;06/12/2023 00:00;6/26/2023 14:37:57;39,49;Outerwear & Coats;Adidas Men's Hiking Hooded 1Side Fleece Jacket;;89,95;Men;9F62C81D7B48E146423F79C9E151510D;3
45876;24287;04/09/2022 00:00;;39,49;Outerwear & Coats;Adidas Men's Hiking Hooded 1Side Fleece Jacket;;89,95;Men;9F62C81D7B48E146423F79C9E151510D;4
56668;24287;6/25/2023 7:39:59;6/27/2023 9:55:59;39,49;Outerwear & Coats;Adidas Men's Hiking Hooded 1Side Fleece Jacket;;89,95;Men;9F62C81D7B48E146423F79C9E151510D;5
56669;24287;01/08/2021 00:00;;39,49;Outerwear & Coats;Adidas Men's Hiking Hooded 1Side Fleece Jacket;;89,95;Men;9F62C81D7B48E146423F79C9E151510D;6
56670;24287;4/18/2021 3:05:00;;39,49;Outerwear & Coats;Adidas Men's Hiking Hooded 1Side Fleece Jacket;;89,95;Men;9F62C81D7B48E146423F79C9E151510D;7
56671;24287;2/16/2023 15:52:00;;39,49;Outerwear & Coats;Adidas Men's Hiking Hooded 1Side Fleece Jacket;;89,95;Men;9F62C81D7B48E146423F79C9E151510D;8
105832;24287;12/15/2021 7:24:06;01/11/2022 00:00;39,49;Outerwear & Coats;Adidas Men's Hiking Hooded 1Side Fleece Jacket;;89,95;Men;9F62C81D7B48E146423F79C9E151510D;9
105833;24287;12/30/2021 18:14:00;;39,49;Outerwear & Coats;Adidas Men's Hiking Hooded 1Side Fleece Jacket;;89,95;Men;9F62C81D7B48E146423F79C9E151510D;10
105834;24287;9/24/2020 16:11:00;;39,49;Outerwear & Coats;Adidas Men's Hiking Hooded 1Side Fleece Jacket;;89,95;Men;9F62C81D7B48E146423F79C9E151510D;1
105835;24287;9/23/2022 15:26:00;;39,49;Outerwear & Coats;Adidas Men's Hiking Hooded 1Side Fleece Jacket;;89,95;Men;9F62C81D7B48E146423F79C9E151510D;2
214751;24287;10/22/2022 6:18:33;11/25/2022 14:58:33;39,49;Outerwear & Coats;Adidas Men's Hiking Hooded 1Side Fleece Jacket;;89,95;Men;9F62C81D7B48E146423F79C9E151510D;3
214752;24287;1/19/2022 16:56:00;;39,49;Outerwear & Coats;Adidas Men's Hiking Hooded 1Side Fleece Jacket;;89,95;Men;9F62C81D7B48E146423F79C9E151510D;4
251740;24287;9/16/2022 22:10:10;10/31/2022 15:07:10;39,49;Outerwear & Coats;Adidas Men's Hiking Hooded 1Side Fleece Jacket;;89,95;Men;9F62C81D7B48E146423F79C9E151510D;5
251741;24287;12/30/2021 10:08:00;;39,49;Outerwear & Coats;Adidas Men's Hiking Hooded 1Side Fleece Jacket;;89,95;Men;9F62C81D7B48E146423F79C9E151510D;6
251742;24287;04/03/2021 00:00;;39,49;Outerwear & Coats;Adidas Men's Hiking Hooded 1Side Fleece Jacket;;89,95;Men;9F62C81D7B48E146423F79C9E151510D;7
266877;24287;08/12/2022 00:00;9/17/2022 1:28:08;39,49;Outerwear & Coats;Adidas Men's Hiking Hooded 1Side Fleece Jacket;;89,95;Men;9F62C81D7B48E146423F79C9E151510D;8
266878;24287;3/13/2022 14:18:00;;39,49;Outerwear & Coats;Adidas Men's Hiking Hooded 1Side Fleece Jacket;;89,95;Men;9F62C81D7B48E146423F79C9E151510D;9
266879;24287;08/01/2022 00:00;;39,49;Outerwear & Coats;Adidas Men's Hiking Hooded 1Side Fleece Jacket;;89,95;Men;9F62C81D7B48E146423F79C9E151510D;10
325491;24287;10/24/2021 13:07:59;11/27/2021 4:26:59;39,49;Outerwear & Coats;Adidas Men's Hiking Hooded 1Side Fleece Jacket;;89,95;Men;9F62C81D7B48E146423F79C9E151510D;1
325492;24287;02/08/2021 00:00;;39,49;Outerwear & Coats;Adidas Men's Hiking Hooded 1Side Fleece Jacket;;89,95;Men;9F62C81D7B48E146423F79C9E151510D;2
355507;24287;03/04/2023 00:00;3/23/2023 14:38:49;39,49;Outerwear & Coats;Adidas Men's Hiking Hooded 1Side Fleece Jacket;;89,95;Men;9F62C81D7B48E146423F79C9E151510D;3
355508;24287;9/14/2020 16:15:00;;39,49;Outerwear & Coats;Adidas Men's Hiking Hooded 1Side Fleece Jacket;;89,95;Men;9F62C81D7B48E146423F79C9E151510D;4
355509;24287;4/17/2023 1:00:00;;39,49;Outerwear & Coats;Adidas Men's Hiking Hooded 1Side Fleece Jacket;;89,95;Men;9F62C81D7B48E146423F79C9E151510D;5
362858;24287;08/09/2022 00:00;8/27/2022 22:55:55;39,49;Outerwear & Coats;Adidas Men's Hiking Hooded 1Side Fleece Jacket;;89,95;Men;9F62C81D7B48E146423F79C9E151510D;6
362859;24287;5/14/2021 8:53:00;;39,49;Outerwear & Coats;Adidas Men's Hiking Hooded 1Side Fleece Jacket;;89,95;Men;9F62C81D7B48E146423F79C9E151510D;7
362860;24287;04/11/2022 00:00;;39,49;Outerwear & Coats;Adidas Men's Hiking Hooded 1Side Fleece Jacket;;89,95;Men;9F62C81D7B48E146423F79C9E151510D;8
362861;24287;02/03/2021 00:00;;39,49;Outerwear & Coats;Adidas Men's Hiking Hooded 1Side Fleece Jacket;;89,95;Men;9F62C81D7B48E146423F79C9E151510D;9
476099;24287;1/27/2021 20:04:23;3/21/2021 15:13:23;39,49;Outerwear & Coats;Adidas Men's Hiking Hooded 1Side Fleece Jacket;;89,95;Men;9F62C81D7B48E146423F79C9E151510D;10
476100;24287;08/05/2021 00:00;;39,49;Outerwear & Coats;Adidas Men's Hiking Hooded 1Side Fleece Jacket;;89,95;Men;9F62C81D7B48E146423F79C9E151510D;1
484157;24287;10/29/2021 16:32:06;12/14/2021 10:31:06;39,49;Outerwear & Coats;Adidas Men's Hiking Hooded 1Side Fleece Jacket;;89,95;Men;9F62C81D7B48E146423F79C9E151510D;2
484158;24287;11/29/2021 5:46:00;;39,49;Outerwear & Coats;Adidas Men's Hiking Hooded 1Side Fleece Jacket;;89,95;Men;9F62C81D7B48E146423F79C9E151510D;3
484159;24287;2/19/2023 15:27:00;;39,49;Outerwear & Coats;Adidas Men's Hiking Hooded 1Side Fleece Jacket;;89,95;Men;9F62C81D7B48E146423F79C9E151510D;4
484160;24287;7/21/2021 11:02:00;;39,49;Outerwear & Coats;Adidas Men's Hiking Hooded 1Side Fleece Jacket;;89,95;Men;9F62C81D7B48E146423F79C9E151510D;5
31624;21484;06/09/2023 00:00;6/15/2023 23:06:32;30,29;Jeans;True Nation Big & Tall Relaxed-Fit Jeans;;59,5;Men;64C32B8EB5304D80BA093227975ECE13;6
31625;21484;1/28/2023 0:58:00;;30,29;Jeans;True Nation Big & Tall Relaxed-Fit Jeans;;59,5;Men;64C32B8EB5304D80BA093227975ECE13;7
52277;21484;12/21/2022 10:13:14;2/16/2023 14:13:14;30,29;Jeans;True Nation Big & Tall Relaxed-Fit Jeans;;59,5;Men;64C32B8EB5304D80BA093227975ECE13;8
52278;21484;4/25/2022 18:00:00;;30,29;Jeans;True Nation Big & Tall Relaxed-Fit Jeans;;59,5;Men;64C32B8EB5304D80BA093227975ECE13;9
52279;21484;4/22/2021 17:12:00;;30,29;Jeans;True Nation Big & Tall Relaxed-Fit Jeans;;59,5;Men;64C32B8EB5304D80BA093227975ECE13;10
59422;21484;10/08/2022 00:00;11/29/2022 23:34:37;30,29;Jeans;True Nation Big & Tall Relaxed-Fit Jeans;;59,5;Men;64C32B8EB5304D80BA093227975ECE13;1
59423;21484;5/21/2022 11:50:00;;30,29;Jeans;True Nation Big & Tall Relaxed-Fit Jeans;;59,5;Men;64C32B8EB5304D80BA093227975ECE13;2
59424;21484;03/06/2020 00:00;;30,29;Jeans;True Nation Big & Tall Relaxed-Fit Jeans;;59,5;Men;64C32B8EB5304D80BA093227975ECE13;3
64753;21484;07/10/2022 00:00;08/09/2022 00:00;30,29;Jeans;True Nation Big & Tall Relaxed-Fit Jeans;;59,5;Men;64C32B8EB5304D80BA093227975ECE13;4
64754;21484;2/17/2020 1:16:00;;30,29;Jeans;True Nation Big & Tall Relaxed-Fit Jeans;;59,5;Men;64C32B8EB5304D80BA093227975ECE13;5
158940;21484;8/19/2020 11:25:27;9/17/2020 6:22:27;30,29;Jeans;True Nation Big & Tall Relaxed-Fit Jeans;;59,5;Men;64C32B8EB5304D80BA093227975ECE13;6
158941;21484;05/12/2021 00:00;;30,29;Jeans;True Nation Big & Tall Relaxed-Fit Jeans;;59,5;Men;64C32B8EB5304D80BA093227975ECE13;7
236828;21484;2/26/2023 3:10:43;4/24/2023 13:12:43;30,29;Jeans;True Nation Big & Tall Relaxed-Fit Jeans;;59,5;Men;64C32B8EB5304D80BA093227975ECE13;8
236829;21484;12/01/2021 00:00;;30,29;Jeans;True Nation Big & Tall Relaxed-Fit Jeans;;59,5;Men;64C32B8EB5304D80BA093227975ECE13;9
236830;21484;8/17/2020 12:00:00;;30,29;Jeans;True Nation Big & Tall Relaxed-Fit Jeans;;59,5;Men;64C32B8EB5304D80BA093227975ECE13;10
317301;21484;2/24/2023 4:34:00;3/16/2023 14:19:00;30,29;Jeans;True Nation Big & Tall Relaxed-Fit Jeans;;59,5;Men;64C32B8EB5304D80BA093227975ECE13;1
317302;21484;1/22/2022 18:51:00;;30,29;Jeans;True Nation Big & Tall Relaxed-Fit Jeans;;59,5;Men;64C32B8EB5304D80BA093227975ECE13;2
347985;21484;03/11/2023 00:00;05/06/2023 00:00;30,29;Jeans;True Nation Big & Tall Relaxed-Fit Jeans;;59,5;Men;64C32B8EB5304D80BA093227975ECE13;3
347986;21484;08/01/2021 00:00;;30,29;Jeans;True Nation Big & Tall Relaxed-Fit Jeans;;59,5;Men;64C32B8EB5304D80BA093227975ECE13;4
347987;21484;4/21/2023 0:59:00;;30,29;Jeans;True Nation Big & Tall Relaxed-Fit Jeans;;59,5;Men;64C32B8EB5304D80BA093227975ECE13;5
347988;21484;03/02/2022 00:00;;30,29;Jeans;True Nation Big & Tall Relaxed-Fit Jeans;;59,5;Men;64C32B8EB5304D80BA093227975ECE13;6
362334;21484;12/13/2020 9:49:51;1/26/2021 0:57:51;30,29;Jeans;True Nation Big & Tall Relaxed-Fit Jeans;;59,5;Men;64C32B8EB5304D80BA093227975ECE13;7
362335;21484;05/03/2023 00:00;;30,29;Jeans;True Nation Big & Tall Relaxed-Fit Jeans;;59,5;Men;64C32B8EB5304D80BA093227975ECE13;8
369022;21484;3/27/2022 9:23:09;04/05/2022 00:00;30,29;Jeans;True Nation Big & Tall Relaxed-Fit Jeans;;59,5;Men;64C32B8EB5304D80BA093227975ECE13;9
369023;21484;11/11/2020 00:00;;30,29;Jeans;True Nation Big & Tall Relaxed-Fit Jeans;;59,5;Men;64C32B8EB5304D80BA093227975ECE13;10
369024;21484;10/25/2021 3:43:00;;30,29;Jeans;True Nation Big & Tall Relaxed-Fit Jeans;;59,5;Men;64C32B8EB5304D80BA093227975ECE13;1
369025;21484;10/25/2021 7:04:00;;30,29;Jeans;True Nation Big & Tall Relaxed-Fit Jeans;;59,5;Men;64C32B8EB5304D80BA093227975ECE13;2
404945;21484;3/15/2021 2:59:32;4/18/2021 1:29:32;30,29;Jeans;True Nation Big & Tall Relaxed-Fit Jeans;;59,5;Men;64C32B8EB5304D80BA093227975ECE13;3
404946;21484;08/07/2022 00:00;;30,29;Jeans;True Nation Big & Tall Relaxed-Fit Jeans;;59,5;Men;64C32B8EB5304D80BA093227975ECE13;4
452866;21484;05/04/2021 00:00;6/22/2021 23:15:14;30,29;Jeans;True Nation Big & Tall Relaxed-Fit Jeans;;59,5;Men;64C32B8EB5304D80BA093227975ECE13;5
452867;21484;3/19/2021 16:59:00;;30,29;Jeans;True Nation Big & Tall Relaxed-Fit Jeans;;59,5;Men;64C32B8EB5304D80BA093227975ECE13;6
452868;21484;10/14/2022 3:05:00;;30,29;Jeans;True Nation Big & Tall Relaxed-Fit Jeans;;59,5;Men;64C32B8EB5304D80BA093227975ECE13;7
452869;21484;05/05/2023 00:00;;30,29;Jeans;True Nation Big & Tall Relaxed-Fit Jeans;;59,5;Men;64C32B8EB5304D80BA093227975ECE13;8
111076;755;10/11/2020 00:00;12/06/2020 00:00;15,14;Tops & Tees;The Very Hungry Caterpillar Classic Book Women's Slim Fit T-shirt by Out Of Print Clothing;;28,95;Women;CCB0989662211F61EDAE2E26D58EA92F;9
111077;755;6/28/2022 6:45:00;;15,14;Tops & Tees;The Very Hungry Caterpillar Classic Book Women's Slim Fit T-shirt by Out Of Print Clothing;;28,95;Women;CCB0989662211F61EDAE2E26D58EA92F;10
133104;755;02/05/2021 00:00;03/09/2021 00:00;15,14;Tops & Tees;The Very Hungry Caterpillar Classic Book Women's Slim Fit T-shirt by Out Of Print Clothing;;28,95;Women;CCB0989662211F61EDAE2E26D58EA92F;1
133105;755;06/08/2021 00:00;;15,14;Tops & Tees;The Very Hungry Caterpillar Classic Book Women's Slim Fit T-shirt by Out Of Print Clothing;;28,95;Women;CCB0989662211F61EDAE2E26D58EA92F;2
133106;755;5/14/2022 18:41:00;;15,14;Tops & Tees;The Very Hungry Caterpillar Classic Book Women's Slim Fit T-shirt by Out Of Print Clothing;;28,95;Women;CCB0989662211F61EDAE2E26D58EA92F;3
133107;755;2/26/2023 4:58:00;;15,14;Tops & Tees;The Very Hungry Caterpillar Classic Book Women's Slim Fit T-shirt by Out Of Print Clothing;;28,95;Women;CCB0989662211F61EDAE2E26D58EA92F;4
238588;755;02/06/2023 00:00;04/07/2023 00:00;15,14;Tops & Tees;The Very Hungry Caterpillar Classic Book Women's Slim Fit T-shirt by Out Of Print Clothing;;28,95;Women;CCB0989662211F61EDAE2E26D58EA92F;5
238589;755;06/05/2022 00:00;;15,14;Tops & Tees;The Very Hungry Caterpillar Classic Book Women's Slim Fit T-shirt by Out Of Print Clothing;;28,95;Women;CCB0989662211F61EDAE2E26D58EA92F;6
238590;755;3/22/2020 7:10:00;;15,14;Tops & Tees;The Very Hungry Caterpillar Classic Book Women's Slim Fit T-shirt by Out Of Print Clothing;;28,95;Women;CCB0989662211F61EDAE2E26D58EA92F;7
238591;755;4/26/2022 16:01:00;;15,14;Tops & Tees;The Very Hungry Caterpillar Classic Book Women's Slim Fit T-shirt by Out Of Print Clothing;;28,95;Women;CCB0989662211F61EDAE2E26D58EA92F;8
272680;755;9/13/2022 20:38:48;10/12/2022 00:00;15,14;Tops & Tees;The Very Hungry Caterpillar Classic Book Women's Slim Fit T-shirt by Out Of Print Clothing;;28,95;Women;CCB0989662211F61EDAE2E26D58EA92F;9
272681;755;2/22/2023 2:04:00;;15,14;Tops & Tees;The Very Hungry Caterpillar Classic Book Women's Slim Fit T-shirt by Out Of Print Clothing;;28,95;Women;CCB0989662211F61EDAE2E26D58EA92F;10
272682;755;5/23/2023 2:46:00;;15,14;Tops & Tees;The Very Hungry Caterpillar Classic Book Women's Slim Fit T-shirt by Out Of Print Clothing;;28,95;Women;CCB0989662211F61EDAE2E26D58EA92F;1
461403;755;05/10/2023 00:00;6/14/2023 6:47:28;15,14;Tops & Tees;The Very Hungry Caterpillar Classic Book Women's Slim Fit T-shirt by Out Of Print Clothing;;28,95;Women;CCB0989662211F61EDAE2E26D58EA92F;2
461404;755;11/07/2020 00:00;;15,14;Tops & Tees;The Very Hungry Caterpillar Classic Book Women's Slim Fit T-shirt by Out Of Print Clothing;;28,95;Women;CCB0989662211F61EDAE2E26D58EA92F;3
461405;755;8/15/2021 18:58:00;;15,14;Tops & Tees;The Very Hungry Caterpillar Classic Book Women's Slim Fit T-shirt by Out Of Print Clothing;;28,95;Women;CCB0989662211F61EDAE2E26D58EA92F;4
461406;755;4/19/2020 3:36:00;;15,14;Tops & Tees;The Very Hungry Caterpillar Classic Book Women's Slim Fit T-shirt by Out Of Print Clothing;;28,95;Women;CCB0989662211F61EDAE2E26D58EA92F;5
472428;755;04/07/2023 00:00;05/11/2023 00:00;15,14;Tops & Tees;The Very Hungry Caterpillar Classic Book Women's Slim Fit T-shirt by Out Of Print Clothing;;28,95;Women;CCB0989662211F61EDAE2E26D58EA92F;6
472429;755;8/29/2022 1:45:00;;15,14;Tops & Tees;The Very Hungry Caterpillar Classic Book Women's Slim Fit T-shirt by Out Of Print Clothing;;28,95;Women;CCB0989662211F61EDAE2E26D58EA92F;7
472430;755;9/28/2020 8:43:00;;15,14;Tops & Tees;The Very Hungry Caterpillar Classic Book Women's Slim Fit T-shirt by Out Of Print Clothing;;28,95;Women;CCB0989662211F61EDAE2E26D58EA92F;8
472431;755;5/26/2021 12:25:00;;15,14;Tops & Tees;The Very Hungry Caterpillar Classic Book Women's Slim Fit T-shirt by Out Of Print Clothing;;28,95;Women;CCB0989662211F61EDAE2E26D58EA92F;9
64667;27640;11/23/2021 5:28:58;1/14/2022 0:11:58;29,35;Swim;O'Neill Hangover Boardshorts;;49,5;Men;42ADA6A116005062613A49ADD8AB908B;10
64668;27640;5/30/2021 16:02:00;;29,35;Swim;O'Neill Hangover Boardshorts;;49,5;Men;42ADA6A116005062613A49ADD8AB908B;1
66081;27640;05/09/2020 00:00;5/22/2020 7:07:29;29,35;Swim;O'Neill Hangover Boardshorts;;49,5;Men;42ADA6A116005062613A49ADD8AB908B;2
66082;27640;10/16/2021 6:58:00;;29,35;Swim;O'Neill Hangover Boardshorts;;49,5;Men;42ADA6A116005062613A49ADD8AB908B;3
66083;27640;06/03/2021 00:00;;29,35;Swim;O'Neill Hangover Boardshorts;;49,5;Men;42ADA6A116005062613A49ADD8AB908B;4
66084;27640;8/19/2022 17:42:00;;29,35;Swim;O'Neill Hangover Boardshorts;;49,5;Men;42ADA6A116005062613A49ADD8AB908B;5
103387;27640;11/22/2022 1:09:35;12/09/2022 00:00;29,35;Swim;O'Neill Hangover Boardshorts;;49,5;Men;42ADA6A116005062613A49ADD8AB908B;6
103388;27640;11/03/2021 00:00;;29,35;Swim;O'Neill Hangover Boardshorts;;49,5;Men;42ADA6A116005062613A49ADD8AB908B;7
103389;27640;12/06/2020 00:00;;29,35;Swim;O'Neill Hangover Boardshorts;;49,5;Men;42ADA6A116005062613A49ADD8AB908B;8
109484;27640;12/28/2021 9:52:33;01/08/2022 00:00;29,35;Swim;O'Neill Hangover Boardshorts;;49,5;Men;42ADA6A116005062613A49ADD8AB908B;9
109485;27640;11/05/2021 00:00;;29,35;Swim;O'Neill Hangover Boardshorts;;49,5;Men;42ADA6A116005062613A49ADD8AB908B;10
109486;27640;09/01/2020 00:00;;29,35;Swim;O'Neill Hangover Boardshorts;;49,5;Men;42ADA6A116005062613A49ADD8AB908B;1
109487;27640;8/27/2020 11:47:00;;29,35;Swim;O'Neill Hangover Boardshorts;;49,5;Men;42ADA6A116005062613A49ADD8AB908B;2
167853;27640;6/19/2022 18:55:20;07/08/2022 00:00;29,35;Swim;O'Neill Hangover Boardshorts;;49,5;Men;42ADA6A116005062613A49ADD8AB908B;3
167854;27640;07/04/2020 00:00;;29,35;Swim;O'Neill Hangover Boardshorts;;49,5;Men;42ADA6A116005062613A49ADD8AB908B;4
197520;27640;05/08/2023 00:00;05/12/2023 00:00;29,35;Swim;O'Neill Hangover Boardshorts;;49,5;Men;42ADA6A116005062613A49ADD8AB908B;5
197521;27640;10/19/2020 5:55:00;;29,35;Swim;O'Neill Hangover Boardshorts;;49,5;Men;42ADA6A116005062613A49ADD8AB908B;6
197522;27640;9/25/2021 18:48:00;;29,35;Swim;O'Neill Hangover Boardshorts;;49,5;Men;42ADA6A116005062613A49ADD8AB908B;7
225859;27640;09/06/2022 00:00;9/29/2022 8:25:06;29,35;Swim;O'Neill Hangover Boardshorts;;49,5;Men;42ADA6A116005062613A49ADD8AB908B;8
225860;27640;7/17/2021 18:44:00;;29,35;Swim;O'Neill Hangover Boardshorts;;49,5;Men;42ADA6A116005062613A49ADD8AB908B;9
285816;27640;3/19/2023 4:40:05;4/22/2023 1:23:05;29,35;Swim;O'Neill Hangover Boardshorts;;49,5;Men;42ADA6A116005062613A49ADD8AB908B;10
285817;27640;2/24/2023 6:35:00;;29,35;Swim;O'Neill Hangover Boardshorts;;49,5;Men;42ADA6A116005062613A49ADD8AB908B;1
285818;27640;02/10/2022 00:00;;29,35;Swim;O'Neill Hangover Boardshorts;;49,5;Men;42ADA6A116005062613A49ADD8AB908B;2
292990;27640;06/03/2023 00:00;6/17/2023 10:23:59;29,35;Swim;O'Neill Hangover Boardshorts;;49,5;Men;42ADA6A116005062613A49ADD8AB908B;3
292991;27640;7/23/2020 4:41:00;;29,35;Swim;O'Neill Hangover Boardshorts;;49,5;Men;42ADA6A116005062613A49ADD8AB908B;4
346426;27640;3/30/2022 10:46:37;5/24/2022 11:27:37;29,35;Swim;O'Neill Hangover Boardshorts;;49,5;Men;42ADA6A116005062613A49ADD8AB908B;5
346427;27640;06/08/2022 00:00;;29,35;Swim;O'Neill Hangover Boardshorts;;49,5;Men;42ADA6A116005062613A49ADD8AB908B;6
435602;27640;3/27/2023 1:16:52;4/21/2023 1:23:52;29,35;Swim;O'Neill Hangover Boardshorts;;49,5;Men;42ADA6A116005062613A49ADD8AB908B;7
435603;27640;03/09/2023 00:00;;29,35;Swim;O'Neill Hangover Boardshorts;;49,5;Men;42ADA6A116005062613A49ADD8AB908B;8
435604;27640;8/29/2020 5:02:00;;29,35;Swim;O'Neill Hangover Boardshorts;;49,5;Men;42ADA6A116005062613A49ADD8AB908B;9
435605;27640;02/01/2021 00:00;;29,35;Swim;O'Neill Hangover Boardshorts;;49,5;Men;42ADA6A116005062613A49ADD8AB908B;10
463694;27640;5/30/2021 11:30:41;06/02/2021 00:00;29,35;Swim;O'Neill Hangover Boardshorts;;49,5;Men;42ADA6A116005062613A49ADD8AB908B;1
463695;27640;02/03/2020 00:00;;29,35;Swim;O'Neill Hangover Boardshorts;;49,5;Men;42ADA6A116005062613A49ADD8AB908B;2
179417;10250;5/28/2022 17:25:31;5/30/2022 8:53:31;26,9;Sleep & Lounge;Hatley Labs On Plaid Flannel Nightdress;H;46,95;Women;183F50A7700982A3ED18FF6D7A5777BF;3
179418;10250;5/27/2020 14:43:00;;26,9;Sleep & Lounge;Hatley Labs On Plaid Flannel Nightdress;H;46,95;Women;183F50A7700982A3ED18FF6D7A5777BF;4
219881;10250;05/02/2023 00:00;5/17/2023 20:55:47;26,9;Sleep & Lounge;Hatley Labs On Plaid Flannel Nightdress;H;46,95;Women;183F50A7700982A3ED18FF6D7A5777BF;5
219882;10250;5/26/2022 0:07:00;;26,9;Sleep & Lounge;Hatley Labs On Plaid Flannel Nightdress;H;46,95;Women;183F50A7700982A3ED18FF6D7A5777BF;6
219883;10250;7/15/2022 8:56:00;;26,9;Sleep & Lounge;Hatley Labs On Plaid Flannel Nightdress;H;46,95;Women;183F50A7700982A3ED18FF6D7A5777BF;7
219884;10250;4/14/2020 17:32:00;;26,9;Sleep & Lounge;Hatley Labs On Plaid Flannel Nightdress;H;46,95;Women;183F50A7700982A3ED18FF6D7A5777BF;8
248984;10250;02/06/2023 00:00;3/19/2023 13:09:56;26,9;Sleep & Lounge;Hatley Labs On Plaid Flannel Nightdress;H;46,95;Women;183F50A7700982A3ED18FF6D7A5777BF;9
248985;10250;01/01/2023 00:00;;26,9;Sleep & Lounge;Hatley Labs On Plaid Flannel Nightdress;H;46,95;Women;183F50A7700982A3ED18FF6D7A5777BF;10
248986;10250;10/23/2022 15:37:00;;26,9;Sleep & Lounge;Hatley Labs On Plaid Flannel Nightdress;H;46,95;Women;183F50A7700982A3ED18FF6D7A5777BF;1
272423;10250;11/28/2022 3:30:04;01/01/2023 00:00;26,9;Sleep & Lounge;Hatley Labs On Plaid Flannel Nightdress;H;46,95;Women;183F50A7700982A3ED18FF6D7A5777BF;2
272424;10250;12/24/2022 4:00:00;;26,9;Sleep & Lounge;Hatley Labs On Plaid Flannel Nightdress;H;46,95;Women;183F50A7700982A3ED18FF6D7A5777BF;3
318069;10250;08/03/2022 00:00;09/01/2022 00:00;26,9;Sleep & Lounge;Hatley Labs On Plaid Flannel Nightdress;H;46,95;Women;183F50A7700982A3ED18FF6D7A5777BF;4
318070;10250;7/28/2021 3:46:00;;26,9;Sleep & Lounge;Hatley Labs On Plaid Flannel Nightdress;H;46,95;Women;183F50A7700982A3ED18FF6D7A5777BF;5
370683;10250;1/16/2023 23:19:34;2/16/2023 9:11:34;26,9;Sleep & Lounge;Hatley Labs On Plaid Flannel Nightdress;H;46,95;Women;183F50A7700982A3ED18FF6D7A5777BF;6
370684;10250;4/19/2022 6:02:00;;26,9;Sleep & Lounge;Hatley Labs On Plaid Flannel Nightdress;H;46,95;Women;183F50A7700982A3ED18FF6D7A5777BF;7
388112;10250;7/14/2022 9:01:23;08/07/2022 00:00;26,9;Sleep & Lounge;Hatley Labs On Plaid Flannel Nightdress;H;46,95;Women;183F50A7700982A3ED18FF6D7A5777BF;8
388113;10250;8/29/2021 8:02:00;;26,9;Sleep & Lounge;Hatley Labs On Plaid Flannel Nightdress;H;46,95;Women;183F50A7700982A3ED18FF6D7A5777BF;9
388114;10250;12/12/2020 00:00;;26,9;Sleep & Lounge;Hatley Labs On Plaid Flannel Nightdress;H;46,95;Women;183F50A7700982A3ED18FF6D7A5777BF;10
388115;10250;3/15/2023 13:36:00;;26,9;Sleep & Lounge;Hatley Labs On Plaid Flannel Nightdress;H;46,95;Women;183F50A7700982A3ED18FF6D7A5777BF;1
425637;10250;4/15/2022 9:44:37;5/26/2022 16:53:37;26,9;Sleep & Lounge;Hatley Labs On Plaid Flannel Nightdress;H;46,95;Women;183F50A7700982A3ED18FF6D7A5777BF;2
425638;10250;8/25/2022 5:34:00;;26,9;Sleep & Lounge;Hatley Labs On Plaid Flannel Nightdress;H;46,95;Women;183F50A7700982A3ED18FF6D7A5777BF;3
1440;13228;8/31/2022 23:42:36;10/23/2022 8:50:36;19,6;Swim;Womens BB Plus Size Swimdress Swimsuit Long Tankini Swimwear black/pink black/white blue floral 18-24;BB;49,99;Women;2602FD311D93E2B8CCBBC9165E0AD653;4
1441;13228;03/02/2022 00:00;;19,6;Swim;Womens BB Plus Size Swimdress Swimsuit Long Tankini Swimwear black/pink black/white blue floral 18-24;BB;49,99;Women;2602FD311D93E2B8CCBBC9165E0AD653;5
67674;13228;8/20/2022 18:27:25;9/27/2022 10:14:25;19,6;Swim;Womens BB Plus Size Swimdress Swimsuit Long Tankini Swimwear black/pink black/white blue floral 18-24;BB;49,99;Women;2602FD311D93E2B8CCBBC9165E0AD653;6
67675;13228;11/05/2020 00:00;;19,6;Swim;Womens BB Plus Size Swimdress Swimsuit Long Tankini Swimwear black/pink black/white blue floral 18-24;BB;49,99;Women;2602FD311D93E2B8CCBBC9165E0AD653;7
67676;13228;12/31/2021 3:52:00;;19,6;Swim;Womens BB Plus Size Swimdress Swimsuit Long Tankini Swimwear black/pink black/white blue floral 18-24;BB;49,99;Women;2602FD311D93E2B8CCBBC9165E0AD653;8
207173;13228;06/09/2023 00:00;6/25/2023 0:23:48;19,6;Swim;Womens BB Plus Size Swimdress Swimsuit Long Tankini Swimwear black/pink black/white blue floral 18-24;BB;49,99;Women;2602FD311D93E2B8CCBBC9165E0AD653;9
207174;13228;05/12/2021 00:00;;19,6;Swim;Womens BB Plus Size Swimdress Swimsuit Long Tankini Swimwear black/pink black/white blue floral 18-24;BB;49,99;Women;2602FD311D93E2B8CCBBC9165E0AD653;10
304993;13228;3/21/2021 23:38:48;5/14/2021 22:34:48;19,6;Swim;Womens BB Plus Size Swimdress Swimsuit Long Tankini Swimwear black/pink black/white blue floral 18-24;BB;49,99;Women;2602FD311D93E2B8CCBBC9165E0AD653;1
304994;13228;05/09/2023 00:00;;19,6;Swim;Womens BB Plus Size Swimdress Swimsuit Long Tankini Swimwear black/pink black/white blue floral 18-24;BB;49,99;Women;2602FD311D93E2B8CCBBC9165E0AD653;2
348153;13228;5/30/2023 2:52:32;6/25/2023 11:29:32;19,6;Swim;Womens BB Plus Size Swimdress Swimsuit Long Tankini Swimwear black/pink black/white blue floral 18-24;BB;49,99;Women;2602FD311D93E2B8CCBBC9165E0AD653;3
348154;13228;08/07/2020 00:00;;19,6;Swim;Womens BB Plus Size Swimdress Swimsuit Long Tankini Swimwear black/pink black/white blue floral 18-24;BB;49,99;Women;2602FD311D93E2B8CCBBC9165E0AD653;4
348155;13228;07/10/2021 00:00;;19,6;Swim;Womens BB Plus Size Swimdress Swimsuit Long Tankini Swimwear black/pink black/white blue floral 18-24;BB;49,99;Women;2602FD311D93E2B8CCBBC9165E0AD653;5
368002;13228;06/11/2019 00:00;6/22/2019 3:49:14;19,6;Swim;Womens BB Plus Size Swimdress Swimsuit Long Tankini Swimwear black/pink black/white blue floral 18-24;BB;49,99;Women;2602FD311D93E2B8CCBBC9165E0AD653;6
368003;13228;3/22/2022 4:02:00;;19,6;Swim;Womens BB Plus Size Swimdress Swimsuit Long Tankini Swimwear black/pink black/white blue floral 18-24;BB;49,99;Women;2602FD311D93E2B8CCBBC9165E0AD653;7
368004;13228;06/03/2022 00:00;;19,6;Swim;Womens BB Plus Size Swimdress Swimsuit Long Tankini Swimwear black/pink black/white blue floral 18-24;BB;49,99;Women;2602FD311D93E2B8CCBBC9165E0AD653;8
74577;13519;1/13/2023 5:52:21;02/12/2023 00:00;19,95;Swim;Womens Bb Plus Size Surplice Wrap One Piece Swimsuit Tank Swimwear Pink/black Black Brown/black Tribal 18-24;BB;49,99;Women;4843444B2CD1C2D4B2B261E396C5DA4A;9
74578;13519;06/03/2022 00:00;;19,95;Swim;Womens Bb Plus Size Surplice Wrap One Piece Swimsuit Tank Swimwear Pink/black Black Brown/black Tribal 18-24;BB;49,99;Women;4843444B2CD1C2D4B2B261E396C5DA4A;10
74579;13519;10/09/2020 00:00;;19,95;Swim;Womens Bb Plus Size Surplice Wrap One Piece Swimsuit Tank Swimwear Pink/black Black Brown/black Tribal 18-24;BB;49,99;Women;4843444B2CD1C2D4B2B261E396C5DA4A;1
147797;13519;3/28/2023 1:56:20;05/01/2023 00:00;19,95;Swim;Womens Bb Plus Size Surplice Wrap One Piece Swimsuit Tank Swimwear Pink/black Black Brown/black Tribal 18-24;BB;49,99;Women;4843444B2CD1C2D4B2B261E396C5DA4A;2
147798;13519;05/11/2022 00:00;;19,95;Swim;Womens Bb Plus Size Surplice Wrap One Piece Swimsuit Tank Swimwear Pink/black Black Brown/black Tribal 18-24;BB;49,99;Women;4843444B2CD1C2D4B2B261E396C5DA4A;3
280429;13519;06/09/2023 00:00;6/30/2023 0:52:44;19,95;Swim;Womens Bb Plus Size Surplice Wrap One Piece Swimsuit Tank Swimwear Pink/black Black Brown/black Tribal 18-24;BB;49,99;Women;4843444B2CD1C2D4B2B261E396C5DA4A;4
280430;13519;07/12/2022 00:00;;19,95;Swim;Womens Bb Plus Size Surplice Wrap One Piece Swimsuit Tank Swimwear Pink/black Black Brown/black Tribal 18-24;BB;49,99;Women;4843444B2CD1C2D4B2B261E396C5DA4A;5
123929;17870;9/18/2022 16:00:43;9/28/2022 10:26:43;34,77;Fashion Hoodies & Sweatshirts;The Big Bang Theory Bazinga Men Red Hoodie with Stripes;BG;64,99;Men;7248F12044A0790CD9933886D17234EB;6
123930;17870;1/24/2021 14:57:00;;34,77;Fashion Hoodies & Sweatshirts;The Big Bang Theory Bazinga Men Red Hoodie with Stripes;BG;64,99;Men;7248F12044A0790CD9933886D17234EB;7
123931;17870;11/07/2021 00:00;;34,77;Fashion Hoodies & Sweatshirts;The Big Bang Theory Bazinga Men Red Hoodie with Stripes;BG;64,99;Men;7248F12044A0790CD9933886D17234EB;8
133419;17870;3/14/2021 13:13:54;4/18/2021 14:32:54;34,77;Fashion Hoodies & Sweatshirts;The Big Bang Theory Bazinga Men Red Hoodie with Stripes;BG;64,99;Men;7248F12044A0790CD9933886D17234EB;9
133420;17870;02/03/2020 00:00;;34,77;Fashion Hoodies & Sweatshirts;The Big Bang Theory Bazinga Men Red Hoodie with Stripes;BG;64,99;Men;7248F12044A0790CD9933886D17234EB;10
