id;cost;category;name;brand;retail_price;department;sku;distribution_center_id
100;93;Swim;2XU Men's Swimmers Compression Long Sleeve Top;2XU;150;Men;B23C5765E165D83AA924FA8F13C05F25;1
101;25;Swim;TYR Sport Men's Square Leg Short Swim Suit;TYR;39;Men;2AB7D3B23574C3DEA2BD278AFD0939AB;2
102;16;Swim;TYR Sport Men's Solid Durafast Jammer Swim Suit;TYR;28;Men;8F831227B0EB6C6D09A0555531365933;3
103;18;Swim;TYR Sport Men's Swim Short/Resistance Short Swim Suit;TYR;30;Men;67317D6DCC4CB778AEB9219565F5456B;4
104;29;Swim;TYR Alliance Team Splice Jammer;TYR;46;Men;213C888198806EF1A0E2BBF2F4855C6C;5
105;16;Swim;TYR Sport Men's 4-Inch Nylon Trainer-A Swim Suit;TYR;26;Men;978F39314267ADC0E1C50DB2615B467C;6
106;23;Swim;TYR Sport Men's Solid Jammer Swim Suit;TYR;40;Men;4ECBB790F241666326D31F799EB85D1E;7
107;23;Swim;TYR Sport Men's Poly Mesh Trainer Swim Suit;TYR;36;Men;C386CBA5332D11385672EE52D036E8C1;8
108;24;Swim;TYR Sport Men's Alliance Durafast Splice Square Leg Swim Suit;TYR;40;Men;D012C46243D7E2391B64B221DFCC18E3;9
109;19;Swim;TYR Sport Men's Solid Racer Swim Suit;TYR;34;Men;2AF9B1A840B4ECD522FE1CDA88C8385E;10
110;16;Swim;TYR Sport Men's 8-Inch Nylon Team Trainer Swim Suit;TYR;27;Men;B856243E684B903DE6085DC70830792A;1
111;27;Swim;TYR Sport Men's Firerock Splice Jammer Swim Suit;TYR;45;Men;18F16DE5C7012D9AB4E5DE2A0DCB829B;2
112;15;Swim;TYR Sport Men's Solid Durafast Racer Swim Suit;TYR;25;Men;9729C9467900E712F46044A2E54DA67F;3
113;15;Swim;TYR Sport Men's Firerock Splice Racer Swim Suit;TYR;25;Men;7428F98008346BB6AA6FC92D257505AB;4
114;17;Swim;TYR Sport Men's Alliance Durafast Splice Racer Swim Suit;TYR;29;Men;8A39B5F5618C5F29CD29E10B4C15AADB;5
115;22;Swim;TYR Sport Men's Universe Racer;TYR;38;Men;0B890A8CA95E146AE3686E4BD3B8C9D2;6
116;25;Swim;TYR Sport Men's Universe Splice Jammer;TYR;40;Men;BBDBF47737D418BDC77C73EF28C50A49;7
117;31;Swim;TYR Sport Men's Great White Epic Splice Jammer Swim Suit;TYR;52;Men;ECBC7B96B9EC7951187D0DA02230773D;8
118;74;Swim;Onia Men's Calder 7.5 Swim Shorts;Onia;130;Men;4E111A3FE1958D7F4C0215BBA108DF0E;9
119;94;Swim;Onia Men's Spanish Calder Swim Shorts;Onia;145;Men;E52265108325DAB81AB318B51C5C83A1;10
120;32;Swim;2EROS - S03-07 - ICON2 Low Rise Quick Dry Swim Shorts - Black Mystic Pink or Blue;2EROS;56;Men;81DD4DF7529A4765132F4425191D1715;1
121;23;Swim;Matix Men's Runway Boardshort;Matix;40;Men;219B690D203EB8A0FBFD52A4CB0214CF;2
122;11;Swim;Alki'i Men's Boardshorts - Isla Palms;Alki'i;17;Men;F25A418B357E97B19BCC1A3EDA1AC864;3
123;11;Swim;Alki'i Men's Hybrid Boardshorts - Surfer Postcard Print;Alki'i;17;Men;DA08A1D5B8F673D4CEAAD3B9EF9A17DE;4
124;24;Swim;Hurley Young Men's Hurley One and Only Solid Boardshort;Hurley;40;Men;45E0C0AB1B34C475F4729D0E2B42A142;5
125;31;Swim;Hurley Men's Hurley Puerto Rico Plaid Boardshort;Hurley;50;Men;DA5470B9E6792DBDC7EE450891B2945F;6
126;42;Swim;Hurley Men's P60 Kings Road Boardshort;Hurley;65;Men;B6ECAC22311CCB4C6370BE154552F3E5;7
127;28;Swim;Hurley Men's Sets Supersuede Boardshort;Hurley;45;Men;27A1E0E31BF1A18797D26F7796F1AE4E;8
128;34;Swim;Hurley Men's Phantom 60 Boardshort;Hurley;55;Men;84FC80BE70D6FFD85F3F172F1F8EA150;9
129;39;Swim;Hurley Men's Puerto Rico Road Phantom Boardshort;Hurley;65;Men;1FDD72B9FC6717195F76EA7C0783FA25;10
130;78;Swim;Hurley Men's BP Solid Boardshort;Hurley;140;Men;EC67EC14E2F01A4BAEB2464A044AAEC1;1
131;21;Swim;Hurley Men's  One and Only Long Sleeve Rashguard;Hurley;35;Men;2300B63AF8665D2C9B6944135776F084;2
132;30;Swim;Hurley Men's Render 2-Way Stretch Board Short;Hurley;55;Men;4F67F486F9C069B4529A73C3F98642FE;3
133;36;Swim;Hurley Men's Dimension Phantom Boardshort;Hurley;65;Men;273E78EDE0FF68FCF04AA41A3DD8D36B;4
134;41;Swim;Hurley Men's Phantom Lynx Board Short;Hurley;65;Men;7F6667B99574125F65BA90C88D3C6CC3;5
135;96;Swim;Hurley Men's 4D Boardshort;Hurley;150;Men;FE103355D7F731A557951558BA906D39;6
136;34;Swim;Hurley Men's Change 2 Way Stretch Boardshort;Hurley;55;Men;EA0EFE8ECBC569D1E8349F2625CB6AF8;7
137;30;Swim;Hurley Men's Puerto Rico Boardshort;Hurley;50;Men;D35A992032A0224ADC8231A4FF1C8330;8
138;41;Swim;Hurley Men's Hex Phantom Boardshort;Hurley;65;Men;234D9CDB375D458CF93FB427A55DA75F;9
139;64;Swim;Hurley Men's BP Fuse Boardshort;Hurley;100;Men;159222817F81958C839F0CE1903B247B;10
140;41;Swim;Hurley Men's Shutter Phantom Boardshort;Hurley;65;Men;581A6E50827B30666330B83D8D0E3F59;1
141;18;Swim;Hurley Men's  One and Only Short Sleeve Rashguard;Hurley;29;Men;34AC42F166AAB43CE18D720C21903CDA;2
142;34;Swim;Hurley Men's Surface Two Way Stretch Boardshort;Hurley;55;Men;C46AA3E64C16B0ECF6BF60161A1E1C76;3
143;28;Swim;Hurley Men's Fragment Supersuede Boardshort;Hurley;45;Men;3E8D386863A55823DB6767A73DCDD8F6;4
144;38;Swim;Hurley Men's Horizon Phantom Boardshort;Hurley;65;Men;DF17389413B21CAB96900BE63F2C7EC4;5
145;37;Swim;Hurley Men's Puerto Rico Sands Phantom Boardshort;Hurley;65;Men;28C9325A8CF6C9B1EE059630AFC5A838;6
146;26;Swim;Hurley Men's Amigo Supersuede Boardshort;Hurley;45;Men;3AF72C083DDB534A6FE310BC744B5809;7
147;37;Swim;Hurley Men's Straps Phantom Boardshort;Hurley;65;Men;91139F12AE3F102E07A6C8C7333B685D;8
148;41;Swim;Hurley Men's Nova Supersuede Boardshort;Hurley;65;Men;3FB2E1B55397557A0F3E4370D3AE2073;9
149;42;Swim;Hurley Men's Phantom Block Party Fizz Boardshort;Hurley;65;Men;01EFE0C4FB62ADE937AFA0BDF2EA0844;10
150;24;Swim;Hurley Men's Copy Supersuede Boardshort;Hurley;38;Men;FC2208D8522B90CF01368D83DBFE9906;1
151;83;Swim;Hurley Men's 4d Solid Phantom Boardshort;Hurley;139;Men;678B164AF814E464DA11645ECC25BC28;2
152;42;Swim;Hurley Men's Puerto Rico Space Phantom Boardshort;Hurley;65;Men;CD42A075F19BF80F59B7D826C6C2D43D;3
153;13;Swim;Hurley Blue Orange and Gray Stagger Board Shorts;Hurley;21;Men;235A4B01CCA43EAD1A2435EC19C04BAB;4
154;32;Swim;Hurley Men's Void 2 Way Stretch Boardshort;Hurley;55;Men;3708D4192EC0D016F3DA6CC2871131CE;5
155;31;Swim;Hurley Men's Puerto Rico Merge 2 Way Stretch Boardshort;Hurley;55;Men;F190C7C5AF3DB9C194E4B1A0F7326CDC;6
156;38;Swim;Hurley Men's Motion Phantom Boardshort;Hurley;60;Men;388E1FDE50EB5883AD7B020FDB42B250;7
157;25;Swim;Hurley Men's Supersuede Future Boardshort;Hurley;45;Men;20BD92D00294780CA1AA5DCBB4474E36;8
158;33;Swim;Hurley Phantom Con Boardshorts - Black;Hurley;52;Men;0C9AECD2692CFE28067BB0EBA9AE409A;9
159;26;Swim;Hurley Men's Bolt Supersuede Boardshort;Hurley;45;Men;258D7A491108E4E48AF85B904CEF4654;10
160;34;Swim;Hurley Men's Cruise Two Way Stretch Boardshort;Hurley;55;Men;3DB0C81B0A25AB06AF83BDE59115DD4B;1
161;54;Swim;Hurley Men's Kinetic Phantom Boardshort;Hurley;88;Men;436C26ABD464041EFD354BC550F76482;2
162;34;Swim;Hurley Men's Kontact 2 Way Stretch Boardshort;Hurley;55;Men;48D876F58339D8B4ED094C76F77ED049;3
163;42;Swim;Hurley Phantom Con Board Short - Men's;Hurley;65;Men;4B7A9B570D5CCA47A756A4A69317BA91;4
164;37;Swim;Hurley Men's Cool By The Pool Boardwalk Short;Hurley;59;Men;4DA9E81F4BB667B11E3B1064B10FB2C3;5
165;24;Swim;Hurley Men's Current Embroidered Board Short;Hurley;37;Men;A8D6452AD4FEB2545D93DE0400874B63;6
166;14;Swim;Hurley Men's P60 Fuse Boardshort;Hurley;24;Men;B110AE3636FC62AEE44893300D695F99;7
167;41;Swim;Hurley Men's Phantom Straps Boardshort;Hurley;65;Men;88223ADE11C861267DCCBC28768B5003;8
168;33;Swim;TRUNKS Men's Swami Short;TRUNKS;54;Men;20BA096F2D3DA322ED843F6A4BEE9A91;9
169;24;Swim;TRUNKS Men's Salty Boardie Short;TRUNKS;38;Men;E0034A76C1F340348A2AC9ABF6FC7A85;1
170;35;Swim;Trunks Men's San-O Full Elastic Shorts;TRUNKS;54;Men;30C395DCC0E469D351859F1E0499BD16;2
171;25;Swim;Ezekiel Men's Cozumel Board Short;Ezekiel;44;Men;2EA4096FB5CD947A1AEEAD6447A922A6;3
172;32;Swim;Rufskin - Parati -Rufskin Parati- Mesh Sunga Swimwear - Orange Lime or Lemon;Rufskin;52;Men;9C200F8828F730CA04DA43D74D2ADA6E;4
173;34;Swim;Rufskin - Angra - Brazilian Sunga Swimwear with Stripes - Navy or Red;Rufskin;56;Men;A5A3663282AC29D27F5C633C87383CAD;5
174;28;Swim;Rufskin - Palermo - Men's Stretchy Super Mesh Low Rise European Cut Bikini;Rufskin;45;Men;0BA41B0D638CE6603BA3187AF10EA9CA;6
175;33;Swim;Rufskin - Buzio - Brazilian Mesh Sunga - White or Black;Rufskin;54;Men;11E7A6A3701B0A2593FAEF99048A2C86;1
176;30;Swim;Rufskin Spencer - Red White and Blue Sunga Cut Swimming Trunks;Rufskin;48;Men;DA7327E0425C9F9B80F95ABEBEA29C3A;2
177;34;Swim;Rufskin - Araial - Brazilian Sunga Bikini with Solid Black Back;Rufskin;54;Men;352DECC1E8F3D97FCDB53AF60CBE1F53;3
178;29;Swim;Rufskin - Napoli - Square Cut Swim Trunk;Rufskin;52;Men;381A4C3E139CD966CEF9407AB2419A9A;4
179;32;Swim;Rufskin - Brasrod - Brazilian Sunga Black Swimsuit;Rufskin;50;Men;F1E9E809306242B3CF6803CEC01D1771;5
180;30;Swim;Rufskin - Tijuca - Brazilian Asymmetrical Wave Sunga Two Toned Asymmetrical Wave Sunga Swimwear - Navy or White;Rufskin;52;Men;F6A0809B7F72D3310DC58FF04B5FADD8;6
181;31;Swim;Rufskin SW6707 - Paraggi - Photo-Print Front Sunga Cut Swimsuit;Rufskin;52;Men;3F12CC3464D7A80A7706F970DC254BB7;7
182;18;Swim;Converse Board Shorts;Converse;32;Men;13EFEC348E66852991BC20ED97CAA574;8
183;24;Swim;Nat Nast Men's Natatorium Swim Trunk;Nat Nast;41;Men;D484A3FDE40E65E19C2799B9B529C82E;1
184;28;Swim;Nat Nast Men's Deep Pockets;Nat Nast;50;Men;1041A1C29970D80D56B6DC22A9F4AB31;2
185;26;Swim;Nat Nast Men's All Day Everyday;Nat Nast;45;Men;5CC9BBD6C9C018E4642E8BF7292D65CE;3
186;20;Swim;Rip Curl Men's Classic Short Sleeve Wave Lycra Rash Guard;Rip Curl;35;Men;66AD4C25533779BFE270868C28B48B8D;4
187;20;Swim;Rip Curl Wetsuits Men's Daily Dosage Boardshort;Rip Curl;34;Men;94BD0D00E32AB21DF4C5CDFDB2125CB4;5
188;35;Swim;Rip Curl Men's Mirage Flex Aggrolite Short;Rip Curl;60;Men;2DA5A68C98274485ADC266E224D77B0F;6
189;31;Swim;Rip Curl Wetsuits Men's Mirage Grid Lock Short;Rip Curl;53;Men;12B4A55CB5E13762B0B5E208041DD613;7
190;35;Swim;Rip Curl Men's Mirage Aggrolite Plus Boardshort;Rip Curl;56;Men;E54C7A057F1D638A840D301EF7DA5473;8
191;39;Swim;Rip Curl Men's Mirage Hektic Short;Rip Curl;70;Men;0F4EC68D74CEFD79FC0F45D3921C14B7;9
192;29;Swim;Rip Curl Men's Mirage Tangent Short;Rip Curl;52;Men;ABDD2931B521CCF6F0F80F7D6A540928;10
193;21;Swim;Rip Curl Wetsuits Men's Stoke Boardshort;Rip Curl;37;Men;C4CAF9E04A0D4F83565449F2CCE9D5D5;1
194;37;Swim;Rip Curl Men's Hotskin Short Sleeve Jacket;Rip Curl;65;Men;82166899AA3DB47B87226F5E2ABFBCA7;1
195;21;Swim;Rip Curl Mirage Flex Accelerate;Rip Curl;36;Men;ADD6AB8551D16AA6FBE68C50F740CC94;1
196;23;Swim;Rip Curl Wetsuits Men's Mirage Flex Freedom Boardshort;Rip Curl;41;Men;BC42A91889FFC14111C4EAE0557C5259;1
197;24;Swim;Rip Curl Wetsuits Men's Mirage Core Boardshort;Rip Curl;40;Men;1A7DA998DED68C09B6FB68853539E59A;2
198;24;Swim;Rip Curl Wetsuits Men's Lurid Boardshort Boardshort;Rip Curl;37;Men;373590403F80D686F78B18A45DDD22EF;3
199;46;Swim;Rip Curl Men's Dawn Patrol Long Sleeve Jacket;Rip Curl;80;Men;D1AD628529079C3394DAB80EBDF3604E;4
200;25;Swim;Teal Cove Men's 9 Inch Paneled Pipe Boardshort;Teal Cove;38;Men;FCEC608F0259E123AA4C88A4A51ABC50;5
201;13;Swim;Joe Snyder Bulge Thong-Purple;Joe Snyder;22;Men;C7710CAFF9842968FAC74321FD95B77C;6
202;17;Swim;Joe Snyder Cheek Trunk Light Blue;Joe Snyder;27;Men;C82D64A97A01AC0869FCB90CD22B96C0;7
203;20;Swim;Stohlquist Men's Long Sleeve Burnout Rashguard;Stohlquist;36;Men;C447DEC4C6828275655416D3CEEBC18F;8
204;50;Swim;Stohlquist Men's 1mm Coreheater Longsleeved Shirt;Stohlquist;79;Men;A28477D0C57129B93D95BAF171634582;9
205;17;Swim;Stohlquist Men's Short Sleeve Burnout Rashguard;Stohlquist;31;Men;F2F25C1B2EA4636E7CF2190A36677F98;10
206;28;Swim;Stohlquist Men's Long Sleeve P2 Insulated Shirt;Stohlquist;47;Men;0ED83CA5894F30AED6DA389D630D89A3;1
207;9;Swim;New Men's Sexy Center Patch Bikini Swimsuit 3G by Gregg Homme;Gregg Homme;14;Men;04D81FCED5C98DD0927231751561D1FE;1
208;7;Swim;New Men's Sexy Center Patch Bikini Swimsuit 3G by Gregg Homme;Gregg Homme;13;Men;13F23623684F53A45A8560F79CCE5411;1
209;8;Swim;New Men's Sexy Center Patch Bikini Swimsuit 3G by Gregg Homme;Gregg Homme;13;Men;7184CCB00D0D0660DC447BACF4EAFBBE;1
210;8;Swim;New Men's Sexy Center Patch Thong Swimsuit 3G by Gregg Homme;Gregg Homme;13;Men;6B36917C087C21E48531EA1309AC0147;2
211;33;Swim;Gregg Homme 102625 - Magnetic - Sexy and Quick Drying Bikini Brief Swimwear;Gregg Homme;58;Men;FBF697A2B5EED2F138A85082A119B815;3
212;24;Swim;3G Cargo Swim Square Cut Trunk 65845;Gregg Homme;41;Men;731D1FFC634F4E5AC44B01592B12A0AD;4
213;20;Swim;Mens Sexy Bandana Brazilian Cut Swimwear 3G by Gregg Homme;Gregg Homme;36;Men;0410F7A88C51CC43C5B987D4CAF2406A;5
214;18;Swim;Mens Sexy Atlantic Biker Cut Swimwear 3G by Gregg Homme;Gregg Homme;33;Men;8B9845FA0B5CE34FB2DE2050A0BB1353;6
215;23;Swim;555 Turnpike Big & Tall Plaid Swim Trunks;555 Turnpike;40;Men;119E3B320ED9A4694E5173C3B64591F1;7
216;18;Swim;Canyon Ridge Big & Tall Solid Swim Trunks;Canyon Ridge;30;Men;8467AE9D40EAB0D2E959428E140468CE;8
217;21;Swim;N2N Bodywear A1 - Black Dynasty - Floral Design Swim Trunks;N2N Bodywear;34;Men;1A7F33274089FEFF1BAEF7286B95FE0E;9
218;11;Swim;N2N Bodywear-LA Haze-Mens Low Rise Bikini Swimwear -Blue or Yellow;N2N Bodywear;20;Men;E5F69A36D50C3CB60DC35E49A62F4F24;10
219;13;Swim;Men's Premium Athletic-Fit Swim Trunks - Cool Designs Available;Nvie Designs;20;Men;597626EEBEEFC042AFB36A69A049696D;7
220;15;Swim;Caribbean Joe Men's Swim Trunks;Caribbean Joe;24;Men;DDCCF393356F010BC68C23D9BC76E917;8
221;9;Swim;Caribbean Joe Men's Swim Trunks Shorts;Caribbean Joe;15;Men;7E85AB219B917D0E0E7E8FC8B9EE92B8;9
222;21;Swim;Maui and Sons Solid Swim Trunk;Maui and Sons;35;Men;414CB71EC2809A5FDA79A2463125DDEE;10
223;25;Swim;Maui and Sons Print Swim Trunk;Maui and Sons;40;Men;0A688AD7351B2E3CFEC7EE3112206E6B;1
224;41;Swim;Men's Tommy Hilfiger Swimming Trunks Bathing Suit Tropical Fish;Tommy Hilfiger;70;Men;1DFBAC99BFB6D351EFE1814D7339E9D9;1
225;32;Swim;Island Passport Big & Tall Hibiscus Cargo Swim Trunks;Island Passport;50;Men;AA2BD246ADDCC5892184BDF6BA9580CE;1
226;21;Swim;Pistol Pete PP-BK213-97-Marine - Side Buckle Easy Access Bikini Brief Swimwear- White Navy or Red;Pistol Pete Underwear;36;Men;F414BBF6BE1465190EFF64BBA29DE004;2
227;36;Swim;LRG Salamander Camo Boardwalk Short - Men's;LRG;59;Men;163E836B057FA98808F41048CBA1195F;3
228;32;Swim;LRG Core Logo Board Short - Men's;LRG;49;Men;7CF67A2DEF04352826BE6914E1BB5405;4
229;18;Swim;Men's Jammers UPF50+ UV Sun Protective Swim Team Fitted Trunks;Tuga;30;Men;AD01564D8F0F4DA5627726CC96F717D6;5
230;25;Swim;Clever Men's Lines Swimsuit Brief;Clever;42;Men;BF74CBE3722200F6FAD86AF0B239D900;6
231;22;Swim;Clever Men's Mahalo Swimsuit Brief;Clever;38;Men;1952564FDA39FC3BB3638CC1AE8FD239;7
232;25;Swim;Comune Men's Lukas Short;Comune;44;Men;B77670E4A9C8E282811958DCEA1493A1;8
233;34;Swim;Hatley Blue Whales Men's Swim Trunks;Hatley;53;Men;6C766ED2F0289E20A8097CFDBA95F311;9
234;32;Swim;Hatley Surfer Dude Men's Swim Trunks;Hatley;53;Men;2CCC3ED7FD2601E8F77299DDBF89CBCB;10
235;30;Swim;Brixton Men's Plank Boardshort;Brixton;48;Men;67BA8120F499C6706644CE234FC5EE1C;2
236;21;Swim;Brixton Men's Volt Boardshort;Brixton;36;Men;D13D62B286A371638640A3F4638F1629;2
237;22;Swim;Brixton Men's Plank Slim Leg Trunk;Brixton;38;Men;4A3F8E93A3DE2A2650A129D7FA060BB4;2
238;27;Swim;Timoteo Speedster Swim Trunks - Grey;Timoteo;49;Men;3EB1C847B742640FD6C2AE1853D0E313;1
239;19;Swim;Champion Long Mesh Shorts with Pockets;Champion;30;Men;9C5A8459378E1485355E2CB93522E311;2
240;14;Swim;Champion 3.7 oz. Lacrosse Mesh Short;Champion;22;Men;BF95B1669852932F77DC04F5EE405B7B;3
241;17;Swim;Realtree Men's Solid Superfly Swim Short;Realtree;29;Men;80CB2002656131B6EE8C02AB8FE076E0;4
242;11;Swim;Cloudveil Men's Kahuna Short;Cloudveil;18;Men;8483C7571AF3B612E0C3538DA027BE95;5
243;38;Swim;Hugo Boss Men Lobster Swim Shorts;HUGO BOSS;59;Men;E6A75BE3243049A89E4CB0CFDDC81082;6
244;35;Swim;Hugo Boss Starfish Swim Shorts Turquoise;HUGO BOSS;60;Men;10155A0CC6DDE7D912D2AC796956876D;7
245;45;Swim;Orange Line By Hugo Boss Men's Swimwear Shorts Andoya Navy Blue Trunk ST #50180060;HUGO BOSS;69;Men;E17F6CB9DAEC3848CB0CB5DB5ECBCCDF;8
246;20;Swim;Hugo Boss Male Swim Short 50200434;HUGO BOSS;34;Men;6D96C43D1905C9A852DBA3DD5370E0C4;9
247;38;Swim;Hugo Boss Andaman Swim Boardshort 50220540;HUGO BOSS;64;Men;DC252F02F741393277F971AEB297E2EF;10
248;18;Swim;Hugo Boss Men's Swimwear Shorts Laternfish BM Black ST #50220849;HUGO BOSS;30;Men;1DEAC92DD0C21EA46585FE693B4330EC;6
249;35;Swim;Throwdown Riot Men's Board Shorts Fight Swim American Flag;Throwdown;59;Men;0FF0A77035F9569943049ED3E980BB0D;7
250;25;Swim;Throwdown Hit Squad Men's Board Shorts Fight Swim Trademark;Throwdown;40;Men;4A2D84630E650155DD3F0D107C9794A9;8
251;34;Swim;Throwdown Caged Men's Board Shorts Fight Swim Eagle;Throwdown;59;Men;0B22D776D04EC3700B711ED6677895DD;9
252;21;Swim;Wildman T WT-43B - Contrast Banned Square Cut Swimuit w/ Ball Lifter Cock-Ring;Wildman T;35;Men;36A9D56A4BACAED4D64A6E34E4CE1A85;10
253;16;Swim;Ocean Current Men's Oxy Boardshort;Ocean Current;27;Men;C1481A88D8E582CE58F9413D5AC93360;2
254;16;Swim;Ocean Current Men's Feeds Boardshort;Ocean Current;27;Men;8936B2F3BEB50769AB4801BD148BA0BD;1
255;15;Swim;Men's UV Rash Guard Shirt - Long Sleeve Gun Metal Grey;The Beach Depot;25;Men;04B01177431497D8545941C662C2A3A6;2
256;17;Swim;Beach Depot UPF 50+ Men's Short Sleeve Rash Guard Shirt;The Beach Depot;30;Men;3058EF543CA71BAA53A5B902ACC37B71;3
257;19;Swim;Beach Depot UPF 50+ Men's Long Sleeve Rash Guard Shirt;The Beach Depot;30;Men;E7BB900E1736CA0D271B420AE968C9DA;4
258;38;Swim;Original Penguin Men's Earl Solid Volley Swim Short;Original Penguin;65;Men;00A88476F623E4B554A2277FA4DE42A0;5
259;41;Swim;Original Penguin Men's Box Swim Short;Original Penguin;65;Men;C73B2ECE3C47D44D3579A75ECE205595;6
260;35;Swim;Original Penguin Men's Printed Volley Swim Trunk;Original Penguin;54;Men;1DC4BA5CAABA57334A8814D7AB736E76;7
261;43;Swim;Original Penguin Men's Volley Swim Short;Original Penguin;69;Men;C00E300D85CC5E5F0D11A782DA9BF045;8
262;40;Swim;Original Penguin Men's Printed Volley Trunk;Original Penguin;65;Men;9B203B041A90F85433F0ACDE61AE1CC7;9
263;38;Swim;Original Penguin Men's Box Swm Short;Original Penguin;65;Men;6920D7076C2DE8485AA00461C60F4150;10
264;38;Swim;Original Penguin Men's Printed Volley Swim Trunk;Original Penguin;65;Men;8AB0AF4568A5B31A931EAF0AE9A738C3;2
265;30;Swim;Original Penguin Men's Pieced Boardshort;Original Penguin;52;Men;80DCDB9CF644BBA63464A2795F93A562;1
266;36;Swim;Original Penguin Men's Printed Box Swim Short;Original Penguin;65;Men;E10BB16C9FC310F560D696CA955E9E03;2
267;42;Swim;Original Penguin Men's Volley Swim Short;Original Penguin;69;Men;2752A6FC31927EFAF4FF9F54B1C769CB;3
268;36;Swim;Toes On The Nose Men's Backyards Boardshort;Toes on the Nose;60;Men;37DA327024595CDB77D6FD933F43D6B9;4
269;37;Swim;Toes on the Nose Men's T-Street Boardshort;Toes on the Nose;58;Men;542907B161D7AFD16500FB0B7DAC5329;5
270;42;Swim;Polo Ralph Lauren Men's White Logo Board Shorts;Polo Ralph Lauren;75;Men;97AC043E24F12CE6B09BB8817EFCE982;6
271;57;Swim;Polo Ralph Lauren Mens Big Pony Beach Shop Swim Trunks;Polo Ralph Lauren;90;Men;941510C72491F8137E7F4A306AEFE69B;7
272;14;Swim;Hook & Tackle Nylon BeerCan Trunks;Hook & Tackle Clothing;25;Men;D6F3B91CD2D825CF868DB8B60714C477;8
273;20;Swim;Harbor Bay Big & Tall Swim Rash Guard;;36;Men;50E9EA9C1BC5E6067AB7C0D8FBDD5F21;9
274;29;Swim;O'Neill Hangover Boardshorts;;50;Men;42ADA6A116005062613A49ADD8AB908B;10
275;10;Swim;Uzzi Mens Solid Color Shorts;Elan;16;Men;509EA0C1F4A210534EB004D35C10AA2D;7
276;19;Swim;Finis Men's Jammer Swim Suit;FINIS;32;Men;AF5A968312F8D1E3246A966FAC1606DA;8
277;61;Swim;Finis Men's Hydrospeed 2 Jammer Swimsuit;FINIS;100;Men;C2022B24F0B91DE47194BCC16E578F02;9
278;119;Swim;Finis Men's Hydrospeed Velo Jammer Swimsuit;FINIS;200;Men;FBABBE3076A43F86B9B6D4CDA87A4F57;10
279;81;Swim;Finis Men's Hydrospeed Flux Jammer Swimsuit;FINIS;130;Men;952DCEC392CA2F4667F334B1F8853370;3
280;16;Swim;FINIS Men's Water Polo Suit;FINIS;28;Men;ACBCD0C9B20213125418321EF002F24D;3
281;19;Swim;FINIS Men's Drag Suit;FINIS;30;Men;528559760DE976AC94D5237046A7F9FE;1
282;29;Swim;Cocksox CX24PR- Low Rise Brief Swimwear - Striped;Cocksox;45;Men;18E2D42BEDE1F02C67E040D1657BA805;2
283;31;Swim;Cocksox Swim Bikini CX02;Cocksox;52;Men;E3C529D02426DBEEFAD9B3206537DEBA;3
284;55;Swim;Lacoste Drawstring Vertical Logo Swim Trunk;Lacoste;85;Men;0E1B703E310ABF1B3932ABF6806F9C39;4
285;23;Swim;Maui and Sons Stripe Swim Trunk;Profile;37;Men;D50D0303890944DFB29758BD058F3865;5
286;23;Swim;Maui and Sons Stripe Swim Trunk;Profile;37;Men;604EE6361F8A853C947EDE4E3C9DA372;6
287;33;Swim;Pull-In Men's Tzar Swimwear Short;Pull-in;54;Men;440F6C8CFF231324EF7B29D63926DE7E;7
288;49;Swim;Zanerobe Men's Lennox Board Short;Zanerobe;79;Men;DC274708BBA5DF6E8B2D99932A71B1FF;8
289;45;Swim;Zanerobe Men's Hobie Short;Zanerobe;69;Men;8F1AC1569697283FB7739ACF854FEF05;9
290;34;Swim;Zanerobe Men's Nippa Short;Zanerobe;59;Men;76EF690583787DBD1405245DC8D9D72A;10
291;48;Swim;Zanerobe Men's Hobie Printed Short;Zanerobe;79;Men;0AB3CCB82336B69BAE70A0D2D6AC514E;3
292;38;Swim;Zanerobe Men's Avalon Stripe Short;Zanerobe;69;Men;FDE07BA82B25F95AFA9D080819F95717;3
293;22;Swim;Ted Baker Men's Mid Length Short;Ted Baker;36;Men;C30729ADC645E1B908C3A1AC09527804;3
294;20;Swim;Ted Baker Men's Shortty Trunk;Ted Baker;32;Men;F816FDCB111B79750431CE758E283EAD;3
295;23;Swim;Ted Baker Men's Stroppi Side Seam Short;Ted Baker;40;Men;4DF6CBC5729A0EDA1D4AECBB08FBE9F9;3
296;48;Swim;Ted Baker Men's Swim Shorty Swim Short;Ted Baker;75;Men;F3678D7C62C8FB66CF6B7946DC16A20E;1
297;55;Swim;Ted Baker Men's Corgie Mid Length Short;Ted Baker;85;Men;068BCDAD6ACCBEE0B2ADC53CB82EB533;2
298;43;Swim;Ted Baker Men's Shorrti Fashion Swim Trunks;Ted Baker;75;Men;A69B2C975D4194C1EA375C1DFFDE56F1;3
299;24;Swim;Men's UV Swim Shirt--Short Sleeve;Brookstone;40;Men;EF6F4E4FCA9990A2896EA9CDF70FBE98;4
300;23;Swim;Island Outfitters Big & Tall Hibiscus Print Swim Trunks;Calvin Klein;40;Men;8C5B85B2E2EFB5BC2756A63747C720E9;5
301;48;Swim;Calvin Klein Men's Voltage Stripe Drawstring Swim Short;Calvin Klein;74;Men;FEB5E1C0C06A4737A6896B65F99808CD;6
302;42;Swim;Calvin Klein Men's Colorblock Boardshort;Calvin Klein;74;Men;F5C5E3CA89F12880365AD4EE57DA206D;7
303;28;Swim;Calvin Klein Men's Colorblock Trunk Brief;Calvin Klein;47;Men;8553BF408BB98C10BF0FDD4220B50329;8
304;44;Swim;Calvin Klein Men's Bermuda Swim Short;Calvin Klein;74;Men;390C177EDC5866C87D55BE2372632892;9
305;42;Swim;Calvin Klein Men's Tubular Stripe Boardshort;Calvin Klein;74;Men;56BB5873CD75A9D4D2297208D6BA3908;10
306;14;Swim;Free Country Men's Solid Boardshort;Free Country;25;Men;0C8909417BAF3B7A3C6BD945EC42AF8E;3
307;15;Swim;Free Country Men's Catalina Boardshorts;Free Country;25;Men;7577C54EA4B4258F50A4477DBD1BCA3A;3
308;14;Swim;Free Country Men's Dipper Boardshorts;Free Country;25;Men;1FE37085233F04789C85AFA0A8B3F7B3;3
309;11;Swim;Free Country Men's Island Palm Plaid Free C Board Swimsuit;Free Country;19;Men;C078B7F3B67CAB3FB9DC45E5165B2264;3
310;22;Swim;Sons of Anarchy Reaper Argyle Gray Mens Boardshorts;Sons of Anarchy;34;Men;AA59DFE9CEA81F87553C5D9F1046A84F;3
311;25;Swim;Island Outfitters Big & Tall Hibiscus Swim Trunks;Island Outfitters;40;Men;4231962B766E3F90F64FA07E4FC2D5CF;3
312;30;Swim;DC Men's Lanai Boardshort;DC;54;Men;147B624905D86D07DF54EA3202757251;1
313;34;Swim;DC Men's Lunchmeat Boardshort;DC;54;Men;1BE8FD8B3A8C708087F963B46E2A8F73;2
314;38;Swim;DC Men's Rigby Engineered Novelty Print Board Short;DC;62;Men;A1CCA570D199AC216E010A0C4E770FAA;3
315;33;Swim;DC Men's Scramble Engineered Novelty Print Board Short;DC;54;Men;60CA0083F9F3C57B8A91C3022D460C55;4
316;30;Swim;DC Men's Cartridge Engineered Splatter Print Board Short;DC;54;Men;62AB3CE23F9884DB423CE886EB945289;5
317;36;Swim;DC Men's Flecktone Boardshort;DC;59;Men;C9A4268367A43297BA960EB5BD78155C;6
318;40;Swim;DC Men's Straight Pant;DC;70;Men;738C045D6205C050D3D6C57E5E6F2D76;7
319;37;Swim;DC Men's Mcgarrett Aloha Print Board Short;DC;60;Men;90F0B00FD44AE507B39FF6D87E26F2B2;8
320;16;Swim;Jor - Sport - Comfortable Boxer Swimwear with Contrasting Color Side Stripes Trim and Waistband - White Blue Grey or Black;Jor;28;Men;F5EF2786B0FEA10EFE543E7BBA170C12;9
321;23;Swim;IZOD Men's Colorblock Swim Short;IZOD;38;Men;5FFDC65E9D413E3ACD7B8BA5D03477A1;10
322;23;Swim;IZOD Men's Colorblock Stripe Swim Short;IZOD;38;Men;9248AFA3AE57517509334EAE846760A2;4
323;21;Swim;IZOD Men's Plaid Swim Short;IZOD;38;Men;29E7194C26EDBD863982BE2ADEA39E4C;4
324;35;Swim;Enjoi New Jersey Board Short - Men's;Enjoi;55;Men;7C88B74F49D5CFAC39702E8E947CB0C0;4
325;25;Swim;Speedo Men's Race Endurance+ Polyester Solid Square Leg Swimsuit;Speedo;39;Men;EB30A0EDE6E02B3430FE84FC601275E6;4
326;24;Swim;Speedo Men's Core Basic Rally Solid Volley Fashion Swimsuit;Speedo;38;Men;ACA1DE509B1D10131783122F42EE4C75;4
327;26;Swim;Speedo Men's Race Endurance+ Polyester Solid Jammer Swimsuit;Speedo;44;Men;36B5CDE3DF91A145D823508F9B5C9C91;1
328;22;Swim;Speedo Men's Fashion Polyester Taslan Solid Striped Surf Runner Volley 14 Outseam Watershort Swimsuit;Speedo;36;Men;55B124CF54EAF98AACB86A307878DB18;2
329;30;Swim;Speedo Men's Sonic Splice Jammer Swimsuit;Speedo;47;Men;31C9F58AA5C02D63ABFA65BF94DD602E;3
330;23;Swim;Speedo Men's Solid Jammer Bathing Suit;Speedo;42;Men;0EEA9B5A14FFF04FE8C0EBF78BC90D63;4
331;18;Swim;Speedo Men's Keepin' On Short Sleeve Rashguard Swim Tee;Speedo;32;Men;4BD38459B51DAA051B296C53E525C2AB;5
332;28;Swim;Speedo Men's Rapid Splice Xtra Life Lycra Jammer Swimsuit;Speedo;48;Men;E3ABA3971C560BCD3591124675A8FB57;6
333;22;Swim;Speedo Men's Fashion Xtra Life Lycra Solid Solar 1 Brief Swimsuit;Speedo;34;Men;1CBB2344A50511F9EA581E66C5CC54F7;7
334;24;Swim;Speedo Men's Rapid Splice Xtra Life Lycra Brief Swimsuit;Speedo;40;Men;3AF6EA3031831159E1A10433860E2E47;8
335;20;Swim;Speedo Men's Poly Mesh Square Leg Bathing Suit;Speedo;34;Men;A49477811EA58F8124BA7AF69931FFA6;9
336;31;Swim;Speedo Men's Tropical Wash Splice With Mesh Volley Water Short;Speedo;50;Men;BC354CF7B5F838D2B1E8A51A0282ACDD;10
337;32;Swim;Speedo Men's Mighty Python Xtra Life Lycra Jammer Swimsuit;Speedo;50;Men;2161C3FB9C53F90509028A2179494696;4
338;32;Swim;Speedo Men's Mercury Splice Endurance Plus Jammer Swimsuit;Speedo;49;Men;5DE402365CA7341B8B1E38B3013768E8;4
339;23;Swim;Speedo Men's Mighty Python Xtra Life Lycra Brief Swimsuit;Speedo;38;Men;3B7DC46BB8C1CD27C5E259D59AEC73F3;4
340;18;Swim;Speedo Men's Aqua Sites Endurance Plus Jammer Swimsuit;Speedo;32;Men;B928C4FA4FC95FD7E83A96FA48C76418;4
341;20;Swim;Speedo Men's Shoreline 1 Inch Xtra Life Lycra Fashion Brief Swimsuit;Speedo;34;Men;B6B505FF2025D4DEC937E9DFBA52E4C2;4
342;24;Swim;Speedo Men's Summit Square Leg Brief Swimsuit;Speedo;43;Men;C859DC7FB3F221F8598A9D851CB6199D;4
343;29;Swim;Speedo Men's Fashion Xtra Life Lycra Solid Striped Shoreline Square Leg Swimsuit;Speedo;46;Men;1B2C7855C5FACCDEFF256F74EB0CA58B;1
344;29;Swim;Speedo Men's Solar Wave Splice Volley Water Short;Speedo;52;Men;C5E53662E6CA2FED0B481AEF6BA3A77A;2
345;27;Swim;Speedo Men's Team Collection Home Of The Fast Lycra Jammer Swimsuit;Speedo;48;Men;C4C0A50045458197AAF70402E5B29EF9;3
346;19;Swim;Speedo Men's Easy Short Sleeve Rashguard Swim Tee;Speedo;32;Men;07A46B1A155A3C07E34DED2C3EF8F8F3;4
347;26;Swim;Speedo Men's Quantum Splice Jammer Bathing Suit;Speedo;43;Men;B78462E5BE3FC4DE5E8E703D4689C269;5
348;19;Swim;Speedo Men's Race Nylon Lycra Blend Learn to Swim Solid Jammer Swimsuit;Speedo;30;Men;029C9620D62685FB5FC8CE8B375F13D5;6
349;15;Swim;Speedo Men's Off The Grid Endurance Plus Brief Swimsuit;Speedo;25;Men;29D5DA36688AB12B521ACBF09DC19B3F;7
350;21;Swim;Speedo Men's Nylon Stripe Square Leg Bathing Suit;Speedo;35;Men;4F5F4C42BD8B84CB379EF405BC5CF90F;8
351;14;Swim;Speedo Men's Exploded Edge Xtra Life Lycra Jammer Swimsuit;Speedo;25;Men;56785794B4F2BFA3F27EC4BDBF15B0EB;9
352;22;Swim;Speedo Men's Lifeguard Polyester Microfiber Solid Volley 20 Watershort;Speedo;36;Men;E30042EAC756B4ABE6167DFE3714466A;10
353;21;Swim;Speedo Men's Easy Long Sleeve Rashguard Swim Tee;Speedo;36;Men;285FB42CB5E295F9249B7819417B3B77;4
354;20;Swim;Speedo Men's Off The Grid Endurance Plus Jammer Swimsuit;Speedo;32;Men;7B18CEAE096A51A11C3F945ABECE6238;4
355;22;Swim;Speedo Men's 3 Inch Active Brief Swimsuit;Speedo;36;Men;76819F255A4D6D1D4D956492094489EA;4
356;33;Swim;Speedo Men's Velocity Splice E-Board Watershort;Speedo;54;Men;D2D26584B4FFBF0DE1AF4A7E9ECF3B68;4
357;24;Swim;Speedo Men's Male Poly Mesh Training Suit;Speedo;38;Men;B257AB6A4D4452E181B7998B5C6E38BC;4
358;15;Swim;Speedo Men's Boom Short Sleeve Rashguard Swim Tee;Speedo;25;Men;A256147C9ED7998D36A10038D1EAA7EA;1
359;17;Swim;Speedo Men's Magnetic Blast Short Sleeve Rashguard Swim Tee;Speedo;30;Men;06CFD38CB4F1B2227CC7F5B8AADA2C96;2
360;21;Swim;Speedo Men's Fashion or Race Xtra Life Lycra Solid Dive 5 Brief Swimsuit;Speedo;36;Men;C101EEBB637FA965D366C92C41A3751A;3
361;84;Swim;Speedo Custom FSII Jammer;Speedo;150;Men;51A4481447F563D89973AADD7E6CB95B;4
362;19;Swim;Speedo Men's Team Collection Bulldog Mesh Drag Swimsuit;Speedo;33;Men;FBFE2DF616B6864090539113663415F3;5
363;28;Swim;Speedo Men's Diamond Illusion Square Leg Brief Swimsuit;Speedo;46;Men;1F0676FD3F275D08290DEC8157496A08;6
364;29;Swim;Speedo Men's Team Collection Power Sprint Endurance Jammer Swimsuit;Speedo;52;Men;7500F543D4D00B34ABC82287370D1B5D;7
365;43;Swim;Speedo Men's Race Aquablade Jammer Swimsuit;Speedo;72;Men;00B546D495D29EA025AF220831CEEE42;8
366;16;Swim;Speedo Men's Remix Swim Brief;Speedo;25;Men;69C8C5B08DB98C39788C0C5BE3F1E8C8;9
367;15;Swim;Speedo Men's Lifeguard 21 Boardshort;Speedo;25;Men;E624D754286D0AAC962F185F1A21809E;10
368;32;Swim;Speedo Men's Classic Plaid Eboard Water Short;Speedo;54;Men;09963A393C5A37A7FDA7A40E4AB52972;4
369;26;Swim;Speedo Men's X-Ray Vision Mesh Drag Swimsuit;Speedo;42;Men;1833AC47B85928F3B36D2676CA9DF03A;4
370;18;Swim;Speedo Men's Team Collection Wave Spliced Boardshort;Speedo;28;Men;9890B5738941827EB39657583B4249FC;4
371;17;Swim;Speedo Mens Zebra Haze Xtra Life Lycra Swim Brief;Speedo;29;Men;370FB2B33D19284EABDF0E7358298804;4
372;33;Swim;Speedo Men's Team Collection Usa Replica Jammer Swimsuit;Speedo;52;Men;78E54F68143FF325ED05244EB2CD0172;4
373;19;Swim;Speedo Men's Momentum Splice With Stretch Eboard Water Short;Speedo;30;Men;0171506E0818C24F1C01D1AAFC5DE8FF;4
374;24;Swim;Speedo Men's Team Collection Home Of The Fast Lycra Brief Swimsuit;Speedo;40;Men;F62CF378D3F7A52D41B8AA7F031454C8;4
375;38;Swim;Speedo Men's Easy Stripe Flx System Boardshort;Speedo;60;Men;3D2D0418E6F72774F366F5D741B8A6AD;1
376;24;Swim;Speedo Men's Puzzle Me This Mesh Drag Swimsuit;Speedo;42;Men;614702957B7F03D0E9E4BCD2370C3A6D;2
377;41;Swim;Speedo Men's Team Collection Sonic Boom Boardshort;Speedo;64;Men;09A04B5F6189F34A3A8BB148C87CCE78;3
378;22;Swim;Speedo Men's Team Collection Star Bangled Glamour Water Polo Brief Swimsuit;Speedo;38;Men;C7B2FB1EA0FD38480989BD7119F5D225;4
379;26;Swim;Speedo Men's Vortex Xtra Life Lycra Brief Swimsuit;Speedo;40;Men;0FEA24D4EDF999326DFA6C1D6F887B99;5
380;29;Swim;Speedo Men's Vortex Splice Xtra Life Lycra Jammer;Speedo;48;Men;8AF7AA91DEA57EF40A8A11AFEA500470;6
381;29;Swim;Speedo Men's Primal Splash Splice Xtra Life Lycra Jammer;Speedo;48;Men;E71A19DEDE1686A40E8FDDB2E0AA24AE;7
382;21;Swim;Speedo FSI Brief Male;Speedo;33;Men;6DC959CF2C2DC5C782C0B94DF8EB5EA2;8
383;27;Swim;Speedo Boys 8-20 Youth Circle Sound Splice Xtra Life Lycra Jammer;Speedo;48;Men;5DC8B954EC4E47BAFFC64F98D496282C;9
384;31;Swim;Speedo Men's Classic Plaid Splice Volley Swim Short;Speedo;50;Men;636E471E7CDB12A636157397F2EC5189;10
385;17;Swim;Speedo Men's Male Solid Nylon Training Suit;Speedo;28;Men;123F06C5F8BCD6E2BD7CAE3EEFAE4ABB;4
386;23;Swim;Speedo Mens Mist Spliced Xtra Life Lycra Jammer Swimsuit;Speedo;37;Men;03731C9F1594352CCEA95AAE83FB690F;4
387;25;Swim;Speedo Men's Mercury Splice Endurance Plus Brief Swimsuit;Speedo;44;Men;19F922993A891C3B0A87D7C85736533B;4
388;32;Swim;Speedo Men's Reverb Splice Endurance Plus Jammer;Speedo;51;Men;B54DAF1B0028F1C892D8E3A56261D078;4
389;25;Swim;Speedo Men's Reverb Endurance Plus Brief Swimsuit;Speedo;44;Men;D6D83FD1ACD1918A677906AFC9BDC1D7;4
390;31;Swim;Speedo Men's Weathered Floral Volley Swim Short;Speedo;50;Men;5B66EC8455908BC3618FD7642ADAB7A8;4
391;29;Swim;Speedo Men's Snake Bit Splice Endurance Plus Jammer;Speedo;51;Men;DFE038A9E495E62CCD74953C05F7BC71;4
392;23;Swim;Speedo Men's Tropical Mirage Flx System Stretch Boardshort;Speedo;35;Men;B1661115563269CF1DB1947062BE75EA;4
393;20;Swim;Speedo Men's Blended Stripe Flx System Boardshort;Speedo;32;Men;5F6F7B11088DE6D2CD70A2CCC6130D1F;4
394;18;Swim;Speedo Men's Solar Wave Eboard Print Water Short;Speedo;30;Men;30817601ADBC53CC3D07EE109C602083;1
395;34;Swim;Speedo Men's Ridge Embroidered Eboard Water Short;Speedo;54;Men;0FE044BAD66866C2A880E6D7CB4A045A;2
396;18;Swim;Speedo Men's Wipe Out Floral E-Board Watershort;Speedo;30;Men;B7720952EB73703ED33B3F05DDD2690A;3
397;22;Swim;Speedo Sonic Splice Jammer Male Youth;Speedo;35;Men;6BA927E95E97F5564105147A9D188931;4
398;30;Swim;Speedo Men's Fractal Point Splice Xtra Life Lycra Jammer;Speedo;48;Men;E9527AEC68523B8CEB74E12B8685B96A;5
399;18;Swim;Speedo Men's Breastroke 4 Hope Spliced Brief Swimsuit;Speedo;32;Men;88877C02A17A70356CCF94A415C454FF;6
400;27;Swim;Speedo Men's Swim Trunks Watershorts New Navy;Speedo;46;Men;90E6FD2326550C6B260AD136E5585003;7
401;23;Swim;Speedo Men's Team Collection Starring Pixel Mesh Drag Swimsuit;Speedo;40;Men;BE7C20A83FB93C62352414AA58E525C2;8
402;20;Swim;SPEEDO Men's Classic Aquashort;Speedo;36;Men;43102E91C7B170EAD9CC2F6F0A37F1AF;9
403;26;Swim;Speedo Men's Linear Motion Square Leg Swimsuit;Speedo;46;Men;3F5F9A41006ACF1175710899E6EBE758;10
404;19;Swim;SPEEDO Avenger Water Polo Brief;Speedo;31;Men;A98776F5568F916378BD28D529AB3A33;4
405;38;Swim;Speedo Men's Sonic Boom Flx System Stretch Boardshort;Speedo;60;Men;842F8AA34C56102C83AAED81F3B175D8;4
406;18;Swim;Speedo Men's Wipe Out Floral Splice E-Board Watershort;Speedo;30;Men;61DEEE96AA0901E6EDEB0A4A077AD082;4
407;24;Swim;Speedo Men's Breastroke 4 Hope Solid Jammer Swimsuit;Speedo;38;Men;711DCCFB52E41F338D36458CA11CC876;4
408;31;Swim;Volcom Men's Maguro Block Boardshort;Volcom;50;Men;ED4D7AD8AF25336D87DC92371F38918F;4
409;39;Swim;Volcom Men's Anialtr Solid Board Short;Volcom;65;Men;F233BF906D15979BCFAA5B92367FBDB3;1
410;25;Swim;Volcom Men's Maguro Plaid Short;Volcom;45;Men;005C03BFD9D4DF48AA46F6E6DFB92439;2
411;28;Swim;Volcom Men's Maguro Stripe Board Short;Volcom;50;Men;624F9DA624E85B501A40C03730F6BA83;3
412;27;Swim;Volcom Men's Maguro Solid Boardshort;Volcom;45;Men;732E8277FEB283AFE0C4703473DAE5FA;4
413;29;Swim;Volcom Men's New Jetty Boardshort;Volcom;50;Men;1B96773A6C08EB3441A9827BE8972EA2;5
414;35;Swim;Volcom Men's Beach Road Boardshort;Volcom;59;Men;405C398F6DF3955EDF7F18F96B11CD41;6
415;22;Swim;Volcom Men's El Duble Long Sleeve Thrash Guard;Volcom;35;Men;19813CE72DE2E59F836D858196DABE6F;7
416;31;Swim;Volcom Men's City Limits Boardshort;Volcom;49;Men;877E8160AC1D5BEAE0ECC56E48659AA0;8
417;36;Swim;Volcom Men's V4s Scallop Boardshort;Volcom;60;Men;FED34D7C05DCBB596142516748AC52EF;9
418;25;Swim;Volcom Men's Maguro Solid Board Short;Volcom;40;Men;7DC75483C8B2ACE7420712262F0B6303;10
419;29;Swim;Volcom Men's 4 Way Stretch Stripe Boardshort;Volcom;50;Men;B61726A0869331A6DEC8049DE8F10FC9;4
420;32;Swim;Volcom Men's Scalloped Boardshort;Volcom;55;Men;41890B3543C53ED353B9FEBCF47A2CC0;4
421;33;Swim;Volcom Men's 6 Way Stretch Stripe Boardshort;Volcom;60;Men;0AD4995ACABE081DA73EF9481AB5D170;4
422;21;Swim;Volcom Men's Solid Long Sleeve Thrash Guard;Volcom;35;Men;1CEEB04B184EE1C9424F81C8A96FD686;4
423;30;Swim;Volcom Men's Armstrong Swimwear;Volcom;50;Men;A250C65C14391DD15C000484A2F49801;1
424;34;Swim;Volcom Men's Dredge Board Short;Volcom;55;Men;FFB430EBDABCE62D4D56F4E13CB50FA4;2
425;33;Swim;Volcom Men's 6 Way Stretch Pixelater Boardshort;Volcom;60;Men;76CB696D89F827C907D66D9388D96553;3
426;32;Swim;Volcom Men's 6 Way Stretch Solid Boardshort;Volcom;55;Men;E3354D31C6019A82E5F8D20088C5AFDB;4
427;38;Swim;Volcom Men's Plaiter Printed Stone Swimwear;Volcom;64;Men;6BEA0403F89E400CCD9B50F6F5875D27;5
428;31;Swim;Volcom Men's Frickin V4S Short;Volcom;55;Men;0FA66DC7AC7CC66A4C72F28E7742F27F;6
429;23;Swim;Volcom Men's Radiant Long Sleeve Thrash Guard;Volcom;37;Men;7B9291A4431D2198FE9A16BB135F3736;7
430;25;Swim;Volcom Maguro Stripe Board Short - Men's;Volcom;45;Men;46EE2A36B86B9DE6D43D6E7A6774889A;8
431;21;Swim;Volcom Men's Radiant Short Sleeve;Volcom;35;Men;544C7B05593E1AB33F23AB5738B3FACA;9
432;31;Swim;Volcom Men's Bosca Board Short;Volcom;55;Men;DC4A1C1E778909C03A41D2C672C2B962;10
433;21;Swim;Volcom Men's Colorblock Long Sleeve Thrashguard;Volcom;33;Men;C4D45D45E1A473A3E43C8699766169EE;7
434;35;Swim;Volcom Men's Gunshot Board Short;Volcom;60;Men;DB6A22A1FEB7E1FD383A93B757538380;8
435;22;Swim;Volcom Men's Solid Thrashguard Short Sleeve Shirt;Volcom;37;Men;7CEFDCBFF0DDF29C3BBAEEC362015C30;9
436;38;Swim;Volcom Men's Ingelater Board Short;Volcom;60;Men;EF986F30FAB2FC38B8D7BE268B2B1DCA;10
437;35;Swim;Volcom Men's Frickin Modern V2S Short;Volcom;55;Men;0D2B7CC9DBCAF0935FD159CCFE19345D;4
438;25;Swim;Volcom Men's Strots Boardshort;Volcom;41;Men;5D2C27AE7617D2660BBDC0F22D141AB8;4
439;41;Swim;Volcom Men's Bruce Annihilator Board-Shorts;Volcom;64;Men;A4D35E93D6C0787428F2FDF6A29457E0;4
440;20;Swim;Volcom Men's Solid Long Sleeve Shirt;Volcom;33;Men;CEC635E58838FF3C8907ACBE1BDA1191;4
441;31;Swim;Volcom Men's 2EEZ Solid Board Short;Volcom;49;Men;5E5BD82A90466D9434C270B85DDF187C;4
442;38;Swim;Volcom Men's Flying Tacos Boardshort;Volcom;60;Men;C50D28E81A9E22A95E30A0D1164902C2;4
443;35;Swim;Volcom Men's V4S Stripe;Volcom;55;Men;9DFCBC9897AD8F393DA9C34D4883524F;4
444;18;Swim;Volcom Maguro Fade Board Short - Men's;Volcom;32;Men;CD0D3644BAD027859B1EC6128A36A974;1
445;34;Swim;Volcom Men's Actuator Mod Board Short;Volcom;55;Men;1E051A5C9BD08C027EB09B522C26BA88;2
446;31;Swim;Volcom Kid Creature Board Short - Men's;Volcom;55;Men;5596542FBE4B92A84E5FF41A01641EEE;3
447;18;Swim;TS Swim Men's Water Polo Brief - Red with Skulls;TS Swim;30;Men;EF7726BA08A0F64821ECD00E781680D1;4
448;55;Swim;New Borrelli Navy Blue Swimwear Large/Large;Borrelli;99;Men;D917E680C14C6FCD74D08C935436F1B5;5
449;14;Swim;Kanu Surf Men's Barracuda Trunks;Kanu Surf;25;Men;FCE971C489E43AAB8B19E01FAE000221;6
450;15;Swim;Kanu Surf Men's Havana Trunks;Kanu Surf;25;Men;D95A2FA315683F22CFA4713558F64DFE;7
451;15;Swim;Kanu Surf Men's CB Rashguard Swim Tee;Kanu Surf;25;Men;ACC85FCEA72CD0E4032763ED0C565DBC;8
452;16;Swim;Kanu Surf Men's Solid Rashguard Swim Tee;Kanu Surf;25;Men;3570256111BFDE271851C5E1F41325B5;9
453;16;Swim;Kanu Surf Men's Splice Jammers;Kanu Surf;25;Men;3CFEC6DDC9E6325247431A9EE7EE45EF;10
454;16;Swim;Kanu Surf Men's Barracuda Extended Size Trunk;Kanu Surf;25;Men;8B867815185DD36FF091A2702449FEB9;4
455;14;Swim;Kanu Surf Men's Epic Swim Trunk;Kanu Surf;25;Men;2C64BE033EF248652C62C6D1B27FEECB;4
456;14;Swim;Kanu Surf Men's Rugby Swim Trunk;Kanu Surf;25;Men;488040033894D00123C7AFA479A90BC5;4
457;14;Swim;Kanu Surf Men's Cancun Swim Trunk;Kanu Surf;25;Men;EFE943D887C07CE18A19E8DF6F9A4A03;4
458;15;Swim;Kanu Surf Men's Big Havana Extended Size Swim Trunk;Kanu Surf;25;Men;F26D74C4CC9B8710DD090224F3831DC8;4
459;15;Swim;Kanu Surf Men's Wired Boardshort;Kanu Surf;25;Men;D709D93B9D58E2490D7202500B1B9BDD;4
460;16;Swim;Kanu Surf Men's Cancun Extended Size Swimwear Trunks;Kanu Surf;25;Men;D65A39B46650D6DEFF3C412E260B0343;4
461;15;Swim;Kanu Surf Men's Challenge Swim Trunk;Kanu Surf;25;Men;214846AB5CA61BD83F438070A4EF7E34;4
462;16;Swim;Kanu Surf Men's Fiji Extended Size Swimwear Trunks;Kanu Surf;25;Men;7462D4179056E65BCD3F2B8BCEDC7277;1
463;15;Swim;Kanu Surf Men's Trophy Boardshort;Kanu Surf;25;Men;A4DCBD303A3B5F5AFCAAD184601F66AA;2
464;15;Swim;Kanu Surf Men's Molokai Rashguard Shirt;Kanu Surf;25;Men;CDBC545A1014F3811C62A7864F45D06B;3
465;12;Swim;Kanu Surf Mens Maui Extended Size Trunk;Kanu Surf;21;Men;F1FE81FA0A090BB5339E0BC688966E9B;4
466;14;Swim;Kanu Surf Men's Fiji Rashguard Shirt;Kanu Surf;25;Men;6F2C88B9135A5473B22386FD9F0632B1;5
467;11;Swim;Kanu Surf Mens Waikiki Extended Size Trunk;Kanu Surf;17;Men;85FA59AC8A893137B2777551335631ED;6
468;14;Swim;Kanu Surf Men's Focus Rashguard Shirt;Kanu Surf;25;Men;5E6C70CDA1988D563ABA2FA39BC65169;7
469;17;Swim;Kanu Surf Men's Platinum Rashguard Shirt;Kanu Surf;29;Men;5832B159F7B32B3D3A1AA9343DBB994B;8
470;16;Swim;Kanu Surf Men's Epic Extended Size Swimwear Trunks;Kanu Surf;25;Men;F428ED8209A04774DD294D6DC12AE201;9
471;16;Swim;Kanu Surf Men's Mahalo Swimwear;Kanu Surf;25;Men;E90A598324002F2BEE63F39B95A52FF1;10
472;13;Swim;Kanu Surf Men's Mahalo Trunks;Kanu Surf;21;Men;F58EF09AD7EBC3EDD43FD7EEA2444342;4
473;14;Swim;Kanu Surf Men's Trophy Rashguard Shirt;Kanu Surf;25;Men;D2D1836B7375E85336296D909745A1AD;4
474;11;Swim;Bottoms Out Men's Plaid Adjustable Waistline Swim Short;Bottoms Out;19;Men;5C98B0539591B13B7BA78B3B614407EF;4
475;19;Swim;Bottoms Out Men's Stripe Swim Short;Bottoms Out;30;Men;174FA28F35090A13AA4BAB118835A571;4
476;14;Swim;Bottoms Out Men's Ocean Print Swim Short;Bottoms Out;25;Men;8EE15923664A1FF58E5F7FDDFDB91679;4
477;32;Swim;Deadstock Boardshort;Fox Outdoor;55;Men;AFA01E654050008794C59EC41CFD297B;1
478;34;Swim;LD SPORTS Micro Fiber Swim Shorts In 2 Colors #400;Lord Daniels;56;Men;701E4CA2021D8009E0A093BD3C708420;2
479;32;Swim;Tommy Bahama Happy Go Cargo Elastic Waist Swim Short (TR924);Tommy Bahama;54;Men;F76ADFC16CAC13526A0D9D97E1401257;3
480;32;Swim;Tommy Bahama Pack To The Future Swim Trunks;Tommy Bahama;58;Men;27A34F041B383B2B229AEA2A38B36C16;4
481;31;Swim;Tommy Bahama Reef Between the Lines Swim Trunks;Tommy Bahama;55;Men;E2E092985007A1E33DD712A6DF38AF98;5
482;24;Swim;Sons Of Anarchy Red Block Reaper Mens Swim Boardshorts;Sons Of Anarchy;40;Men;3590F3FB8AFE58D458F358B517F9A3E0;6
483;24;Swim;Sons Of Anarchy Red Stripes Mens Swim Boardshorts;Sons Of Anarchy;40;Men;4C524A05DCF524174F747E4006689E8F;7
484;19;Swim;Legendary Whitetails Lakeside Swim Shorts;Legendary Whitetails;30;Men;54AC89AC6928FE968C150C002E74EBCB;8
485;166;Swim;Zoot Sports Men's Ultra Speedzoot Swim Race Suit;Zoot;275;Men;A311DD84030F32EA6E0550B09F5869EB;9
486;15;Swim;Gotcha Men's Zig Zag Boardshort;Gotcha;25;Men;FDB72CBD0BE58617706A18144E4EDD05;10
487;16;Swim;Gotcha Men's Clean Plaid Boardshort;Gotcha;25;Men;D256947D0BB5EA5DCF10093B6675DE5F;5
488;14;Swim;Gotcha Men's Large Scale Boardshort;Gotcha;25;Men;E41605316903FE4426FB0C9EEE0C5B19;5
489;16;Swim;Gotcha Men's Mini Repeat Boardshort;Gotcha;25;Men;25CA7E9577B39F7730394BC4DB6B58AB;5
490;16;Swim;Gotcha Men's Solid Plaid Fade Boardshort;Gotcha;25;Men;730DC3D0DC77E1EF2E5795DDA7B9D213;5
491;15;Swim;Gotcha Men's Busy Plaid Boardshort;Gotcha;25;Men;E601AC8EC15075E6C6D0831DBD5A9C81;5
492;14;Swim;Gotcha Men's Horizontal Boardshort;Gotcha;25;Men;18E3EDDE68BA02D261C04C136B08484C;1
493;15;Swim;Mens Hawaiian Board Shorts Island Khaki;Rainbow;25;Men;B229ED523FFBCC8C48D47EB8BCD760C6;2
494;16;Swim;NAVY Mens Hawaiian Board Shorts;Rainbow;24;Men;F60CE135766F04F6CFF01C4F46B83812;3
495;28;Swim;Coolibar UPF 50+ Men's Short-Sleeve Quarter Zip Splash Guard - Sun Protection;Coolibar;50;Men;98A81153211BC18454FD5747DA413E57;4
496;39;Swim;Coolibar UPF 50+ Men's Long-Sleeve Crewneck Swim Shirt;Coolibar;69;Men;2B7768FBCDB86BDB2C9288A0E5982D2B;5
497;35;Swim;Coolibar UPF 50+ Men's Short Sleeve Crewneck Swim Shirt;Coolibar;59;Men;854B68B3C6C3E69B52672108C5A99010;6
498;45;Swim;Fishworks Quatro Boardshorts;Fishworks;70;Men;2ED82A7E645E45584D3AABAB834EEF35;7
499;19;Swim;Guy Harvey Swordfish Strike Boardshorts;Guy Harvey;30;Men;4619FC1A5D71DD96726EB8AFD947B7F0;8
500;30;Swim;Guy Harvey Strike Boardshorts;Guy Harvey;50;Men;E3BFF3CD294DF3B24F6FE9E700D86A91;9
501;29;Swim;Guy Harvey Marlin Dive Boardshort;Guy Harvey;50;Men;35FE071CD4426FE8A90666101FFF1BF0;10
502;31;Swim;Guy Harvey Twist of Fate Boardshort;Guy Harvey;50;Men;CAD2DD4AC4D8D86663098A2843654559;5
503;21;Swim;Victorinox Men's Coast Board Short;Victorinox;38;Men;E8D6B4AC3E525D79C01F47BED8E1F93C;5
504;48;Swim;Victorinox Men's Palm Print Board Short;Victorinox;75;Men;D6C4516DCE9459A651944DE3729E7427;5
505;22;Swim;Victorinox Men's Ocean Board Short;Victorinox;38;Men;F08F86E95C9D083C89F058285F9FF636;5
506;70;Swim;parke & ronen Men's Angeleno 2-Inch Print Swim Trunk;Parke & Ronen;125;Men;EAC0EF6E5FCCA63CB98651CE78C8D4EC;5
507;61;Swim;parke & ronen Men's Redondo 8-Inch Boardshort;Parke & Ronen;95;Men;59683C94962309D7AAD44074347A1DEB;5
508;57;Swim;parke & ronen Men's Angeleno 2-Inch Stretch Twill Swim Trunk;Parke & Ronen;98;Men;E71F0AA2ED94AFB5E84CABF28AEA9DFB;5
509;44;Swim;parke & ronen Men's Colorblock Ibiza Brief;Parke & Ronen;75;Men;E78BAA1CE9B86173C8D5F876A00E64E5;5
510;40;Swim;parke & ronen Men's Taslan Inseam Swim Short;Parke & Ronen;68;Men;47DD74C3EEFFE3EE49F5A49D8A82DBD8;1
511;31;Swim;parke & ronen Men's Team Stripe Swim Short;Parke & Ronen;48;Men;87208431A38B263A8212D32DA9222F2D;2
512;56;Swim;parke & ronen Men's Microfiber Ixtapa Boardshort;Parke & Ronen;88;Men;81817C512E916BF2A24BF8007693C021;3
513;60;Swim;parke & ronen Men's Redondo 4-Inch Boardshort;Parke & Ronen;95;Men;086C98CD8FCD5DA4D44864F9B3C7C2FA;4
514;68;Swim;parke & ronen Men's Microfiber Print Swim Short;Parke & Ronen;105;Men;79A23B3B9AC3C3C789B319B86D784613;5
515;86;Swim;parke & ronen Men's Catalonia 6-Inch Taffeta Swim Trunk;Parke & Ronen;138;Men;42B88C8B68686B308746C7B9667ECB2C;6
516;45;Swim;parke & ronen Men's Taslan Angeleno Short;Parke & Ronen;71;Men;1E5AFCE26F816C212A6B27DC47923658;7
517;45;Swim;parke & ronen Men's Stretch Microfiber Angeleno Short;Parke & Ronen;71;Men;1A24D0708B32892BC735D64FA20D9DFB;8
518;54;Swim;parke & ronen Men's Stretch Tailored Fit Swim Short;Parke & Ronen;86;Men;196B8872E7BE15C1FAD14AF539F43314;9
519;48;Swim;parke & ronen Men's Microfiber Cabo Jam Boardshort;Parke & Ronen;79;Men;EBE075312B3769EC8A0D7B5F4F11C570;10
520;39;Swim;parke & ronen Men's Stripe Meridian Brief;Parke & Ronen;71;Men;9764334FC73C4790FA6F10E67A8D35CD;6
521;38;Swim;parke & ronen Men's Solid With Piping Meridian Brief;Parke & Ronen;68;Men;186908A1F2EDF1E054B8C9FB59C08058;7
522;39;Swim;parke & ronen Men's Colorblock Corcovado Brief;Parke & Ronen;68;Men;4B1D35D72137CACE2F9546CA80EEE53F;8
523;10;Swim;Mens New Boxer Square Cut Swimsuit Platinum Sport;PLATINUM SPORT;15;Men;0EB7A39FC22086B7E6249D1B5253DC2B;9
524;11;Swim;Mens Printed Contour Pouch Bikini Swimsuit By Gary Majdell Sport;Gary Majdell Sport;19;Men;020A8D591085D3D869B29610E5D91CCB;10
525;10;Swim;Mens New Solid Hot Body Bikini Swimsuit Gary Majdell Sport;Gary Majdell Sport;17;Men;CE4E66F7F29C8B37EFF635378A9B9C0F;5
526;14;Swim;Mens Varsity Aussie Rower Boxer Swimsuit Gary Majdell Sport;Gary Majdell Sport;22;Men;7CA77AE5A007AEE7D0D2DC2ACF885FAA;5
527;8;Swim;Mens New Solid Thong Swimsuit Gary Majdell Sport;Gary Majdell Sport;14;Men;DACE0DF7D1842118ADA1B2757CDFA55E;1
528;11;Swim;Mens Solid Contour Pouch Bikini Swimsuit By Gary Majdell Sport;Gary Majdell Sport;18;Men;839E35ED92C4F5619E8579159F70C437;2
529;10;Swim;Mens Liquid Metallic Contour Pouch Bikini Swimsuit By Gary Majdell Sport;Gary Majdell Sport;17;Men;AB38039D7C1A6862CC692CD15E20D757;3
530;8;Swim;Mens New Liquid Metallic Thong Swimsuit Gary Majdell Sport;Gary Majdell Sport;14;Men;914504D6A7F15BE15048FDB72DDD71A7;4
531;11;Swim;Mens New Hot Print Bikini Swimsuit Gary Majdell Sport;Gary Majdell Sport;18;Men;4021E8AD51EB17EC0F04BC29EB5EA19F;5
532;13;Swim;Mens Racing Beach Fitted Short Trunk Jammer;Gary Majdell Sport;21;Men;1112F0E7F3D6F7D412B1BA38BC94E6E8;6
533;12;Swim;Mens Fitted Racing 3/4 Length Jammer;Gary Majdell Sport;22;Men;0D022F051861EC2AEAD58307FD858269;7
534;15;Swim;Mens New Varsity Football Trunk Boxer Swimsuit By Gary Majdell Sport;Gary Majdell Sport;27;Men;F10424D2B1CBF840765291E98F4EA293;8
535;11;Swim;Mens Liquid Metallic Hot Body Boxer Swimsuit Gary Majdell Sport;Gary Majdell Sport;17;Men;B91F9AE1EFAFED4D85107226536195F3;9
536;15;Swim;Mens Pocket Contrast Boxer Mid Cut Swimsuit By Gary Majdell Sport.;Gary Majdell Sport;23;Men;2465CAADC8E815625CDCF7C34660BBB7;10
537;10;Swim;Mens Liquid Metallic Hot Body Bikini Swimsuit Gary Majdell Sport;Gary Majdell Sport;18;Men;C422E39E579B0C8896E9D9FC9A2CA8AC;5
538;16;Swim;Men's New Sailor Boxer Square Cut Swimsuit by Gary Majdell Sport.;Gary Majdell Sport;25;Men;67EC9E8DECB48E53B1DD1F6514FF7A5B;5
539;12;Swim;Mens Classic Competition Style Trunk Boxer Swimsuit with Sexy Fashion Front Pouch by Gary Majdell Sport;Gary Majdell Sport;19;Men;D0EB61F26691D0E6AA548549AB20C0A6;5
540;13;Swim;Mens New Side Stripe Boxer Swimsuit Gary Majdell Sport;Gary Majdell Sport;20;Men;680A372679DA6B97E589C2CF672D5AEA;5
541;9;Swim;Mens New Solid Hot Body Boxer Swimsuit Gary Majdell Sport;Gary Majdell Sport;17;Men;E672848731D3B73445E638650520C9C9;5
542;13;Swim;Mens New Windsurfer Trunk Swimsuit Boxer Gary Majdell Sport;Gary Majdell Sport;23;Men;E62E4E249110F293347233352A4EDF81;1
543;11;Swim;Mens Print Hot Body Boxer Swimsuit Gary Majdell Sport;Gary Majdell Sport;20;Men;4BC8E183D66E91B1282955588FE864EB;2
544;15;Swim;Mens Olympic Flag Sexy Competition Style Bikini Brief Swimsuit by Gary Majdell Sport;Gary Majdell Sport;24;Men;F72CE9098BC2B98030ED78319D60BE6E;3
545;15;Swim;Mens New Side Stripes Boxer Swimsuit By Gary Majdell Sport;Gary Majdell Sport;24;Men;F17E28704BF2B4702992842989431D24;4
546;10;Swim;Mens New Contrast Boxer Swimsuit By Gary Majdell Sport;Gary Majdell Sport;17;Men;344FBBDB875272B916352C8040207BD6;5
547;13;Swim;Men's New Liquid Metallic Football Bikini Swimsuit By Gary Majdell Sport;Gary Majdell Sport;20;Men;569D09D580E772E2ACAF522BA342AC0E;6
548;16;Swim;Mens Classic Side Zip Competition Style Sexy Fashion Brief Bikini by Gary Majdell Sport;Gary Majdell Sport;25;Men;F920F9D2C5E7AE3BEFA151A32244B6CC;7
549;10;Swim;Mens New Zip Bikini Swimsuit By Gary Majdell Sport;Gary Majdell Sport;18;Men;E378079B8C0D911442D21B961F8DF014;8
550;10;Swim;Mens New Side Insert Square Cut Boxer Swimsuit Gary Majdell Sport;Gary Majdell Sport;17;Men;87B428922A688F8A0E4ACE11A473F29A;9
551;11;Swim;Mens Lifeguard Bikini Swimsuit Gary Majdell Sport;Gary Majdell Sport;17;Men;1B2AE1ABC7405FB92168D400454C936C;10
552;13;Swim;Men's New Multi-Colored Square Cut Boxer Swimsuit By Gary Majdell Sport;Gary Majdell Sport;22;Men;D36C8AA0E34A51EC87204DDC1329E2EB;5
553;15;Swim;Mens Belted Boxer Midcut Swimsuit By Gary Majdell Sport.;Gary Majdell Sport;27;Men;37C771D1BC9E621EFC6C6C03C864F981;5
554;14;Swim;Mens Side Stripe Bikini Brief Swimsuit By Gary Majdell Sport;Gary Majdell Sport;23;Men;B89F2E9BDA166C97FA4AFE09D24CABA8;1
555;11;Swim;Mens Contrast Stitch Hot Body Bikini Swimsuit Gary Majdell Sport;Gary Majdell Sport;17;Men;E48F4F260FB9B7A6876E7153D53298F1;2
556;13;Swim;Mens New Butt Lifter Boxer Square Cut Swimsuit By Gary Majdell Sport;Gary Majdell Sport;22;Men;99F77070702C32E5A8EABA3C38801BEC;3
557;17;Swim;Men's New Lifeguard Square Cut Boxer Swimsuit By Gary Majdell Sport;Gary Majdell Sport;27;Men;5EBB9C2331E5AD574F452F293607041F;4
558;11;Swim;Mens Aussie Rower Boxer Swimsuit Gary Majdell Sport;Gary Majdell Sport;17;Men;0A6D7AAC348573607A3219FB5BA42E51;5
559;15;Swim;Mens New Combo Bikini Swimsuit By Gary Majdell Sport;Gary Majdell Sport;24;Men;9CC1EFE753654FA0220A77E5C3C14478;6
560;14;Swim;Mens Side Emblem Print Two-Tone Boxer Trunk Swimsuit by Gary Majdell Sport;Gary Majdell Sport;24;Men;1899267A7CAB6C98197EA43751DF1C07;7
561;14;Swim;Mens New Side Stripe Bikini Swimsuit By Gary Majdell Sport;Gary Majdell Sport;23;Men;3F989B0F0F818AE98F79381D9C1ADA42;8
562;17;Swim;Mens Three-Tone Insert Competition Style Sexy Fashion Trunk Boxer Swimsuit by Gary Majdell Sport;Gary Majdell Sport;29;Men;D4535535B455DD9B910BA56286A4D8F5;9
563;15;Swim;Mens Sexy Contrast Athlete Cut Fashion Trunk Boxer Swimsuit by Gary Majdell Sport;Gary Majdell Sport;25;Men;2791CBF7A6B8B8C08804168DDCF1C172;10
564;17;Swim;Mens Contrast Design Competition Style Sexy Fashion Brief Bikini Swimsuit by Gary Majdell Sport;Gary Majdell Sport;27;Men;8EB66FC40F79656F65782847DDB57AD9;8
565;13;Swim;Mens Two-Tone Hot Body Contrast Bikini Swimsuit Gary Majdell Sport;Gary Majdell Sport;23;Men;C73151B0D36AD644D5F57C87AE8C05E3;9
566;13;Swim;Men's New Zip Boxer Swimsuit By Gary Majdell Sport;Gary Majdell Sport;20;Men;CFA666DE8CBDBC94FFEB4C785F547942;10
567;37;Swim;Fox Men's Fade Out Board Short;Fox;60;Men;D61F11E5BDA1C631302B96F8E65A6C3B;6
568;31;Swim;Fox Men's Fader Boardshorts;Fox;54;Men;89225D82BD5D406BA8528FF7F0F80B96;6
569;32;Swim;Fox Men's Fresh Kill Boardshort;Fox;50;Men;8B02ED5A86A1A326B7862BBBA5EB74A7;6
570;28;Swim;Fox Racing Big Shot Boardshort Flame Red W31;Fox;49;Men;2B5102C218CB2E3DF76C2A0D94244C73;6
571;23;Swim;Fox Men's Expandamonium Boardshort;Fox;40;Men;3A5833C50B580AF6B5D600AB13D46366;6
572;35;Swim;Fox Men's Futurize Boardshorts;Fox;63;Men;F4F544FDB5F766DB8EE639797D3C38CB;1
573;29;Swim;Fox Men's Top Shelf Boardshort;Fox;50;Men;C7079F5DE6BEDE408A06FE0DD40D7A40;2
574;27;Swim;Fox Men's Sector Boardshort;Fox;44;Men;2F5C144531B316A819F61E78392E3D6D;3
575;26;Swim;Fox Men's V3 Boardshorts;Fox;40;Men;0C22D45F31ACF0F4192C8C12B7A55DEE;4
576;26;Swim;Fox Racing Future Boardshort Flame Red W31;Fox;47;Men;5AA4A8377A596E113596BA843F3A3E93;5
577;20;Swim;Fox Men's V3 Boardshort;Fox;35;Men;F335BF480FD91007C3C81A67A1DD4294;6
578;14;Swim;Fox Men's The Boss Boardshort;Fox;22;Men;E6EB4C2FEDEB246841D5B95592CB1218;7
579;33;Swim;Fox Men's Hydroplane Short;Fox;60;Men;AF698F2B39B1F19D13E7259E6B560A85;8
580;33;Swim;Fox Racing Hydroblast Shorts - 28/Dark Khaki;Fox;60;Men;9390F4D0DA32633807F299E76C568ACE;9
581;29;Swim;Fox Men's Hydrotonic Hybrid Short;Fox;47;Men;479EAA8E93A42B42D12992F086CFA14F;10
582;18;Swim;Fox Men's Showdown Boardshort;Fox;31;Men;ABFFBD61825BE76ADBBE7BF96233F42B;6
583;57;Swim;Fox Men's Optima Boardshorts;Fox;100;Men;F52A97AEB3DB83504088D414AE36A7B9;6
584;35;Swim;Fox Men's Shattered Boardshort;Fox;56;Men;863077711FF23E3A4CC4DDB915CC02F5;6
585;22;Swim;AFTCO Bluewater M07 Waterman Boardshort;Aftco;40;Men;C392DAABD18A9B4E3893D74A7DA626A5;1
586;32;Swim;AFTCO Sonar Boardshorts;Aftco;50;Men;B3511C39B8E9C8FEDC482B0F518C36EB;2
587;28;Swim;AFTCO Wahoo Boardshorts;Aftco;50;Men;611389A77A1FC86B81814DD2AB1662EF;3
588;36;Swim;AFTCO Yellowfin Boardshorts;Aftco;65;Men;2320CC311E948C73C192F8B63D1FFAB1;4
589;41;Swim;AFTCO Techno Boardshorts;Aftco;65;Men;6AB025DF5539049FFAD9E5F29EAB084B;5
590;15;Swim;Arena Men's Satamis Race Xtra Life Lycra Solid Brief Swimsuit;Arena;25;Men;36E7410E19523E17B648B49AD9230D75;6
591;160;Swim;Arena Men's Powerskin R-EVO Jammer Race;Arena;260;Men;653408BA8D3FE565F0B8A4B8AA123012;7
592;42;Swim;Arena Men's Rave Powerskin St Jammer;Arena;75;Men;96C49AEC2BD7B939892E5B18BC6369B1;8
593;30;Swim;Arena Men's Brizz Polyester Jammer Swimsuit;Arena;48;Men;FC38D019366C0AA622CACEB53F7F7A60;9
594;21;Swim;Arena Men's Booster Training Xtra Life Lycra Jammer Swimsuit;Arena;35;Men;B137EB4183C4E03586F8AE9257BBF3BC;10
595;32;Swim;Rusty Men's Goombah Too Boardshort;Rusty;55;Men;310B3B4C1E4AEEFAE1A8EB83C9F5EB57;8
596;22;Swim;Rusty Men's Wanderlust Boardshort;Rusty;40;Men;872C4AA521901633753E94CBBAD4644D;9
597;20;Swim;Rusty Men's Come On Down Boardshort;Rusty;35;Men;E94DF919E51AE96652259468415D4F77;10
598;28;Swim;Rusty Men's Blended Boardshort;Rusty;45;Men;7716F37CF3646D627BFA4143310B3452;6
599;36;Swim;Rusty Men's Wanderer Shorts;Rusty;60;Men;C96A3C8C43F8A4316BA293E5257BCEB4;6
