id;first_name;last_name;email;age;gender;state;street_address;postal_code;city;country;latitude;longitude;traffic_source;created_at
44184;Patricia;Martinez;patriciamartinez@example.net;36;F;Acre;09526 Hudson Vista Suite 861;69917-400;Rio Branco;Brasil;-10;-68;Search;6/27/2023 6:07:04
48555;Daniel;Mckinney;danielmckinney@example.com;67;M;Acre;4676 Kurt Heights;69917-400;Rio Branco;Brasil;-10;-68;Search;10/24/2020 4:57:00
80173;Regina;Hudson;reginahudson@example.org;61;F;Acre;20365 Boyd Spur Suite 939;69917-400;Rio Branco;Brasil;-10;-68;Display;01/03/2022
85798;Kenneth;Montes;kennethmontes@example.org;16;M;Acre;0604 Dorothy Cliff Suite 086;69917-400;Rio Branco;Brasil;-10;-68;Search;2/18/2023 6:55:00
88855;Zachary;Petersen;zacharypetersen@example.com;22;M;Acre;8398 Flores Dale;69917-400;Rio Branco;Brasil;-10;-68;Search;1/27/2022 17:30:00
99931;Jeffrey;Morgan;jeffreymorgan@example.org;37;M;Acre;5566 Maureen Square Apt. 041;69917-400;Rio Branco;Brasil;-10;-68;Search;09/09/2019
32489;Tina;Wilson;tinawilson@example.org;34;F;Acre;0062 Caitlin Bypass;69940-000;Sena Madureira;Brasil;-10;-69;Search;05/04/2022
43590;Jessica;Lee;jessicalee@example.org;23;F;Acre;019 Bailey Union;69940-000;Sena Madureira;Brasil;-10;-69;Organic;2/20/2022 3:21:00
78218;Lori;Bullock;loribullock@example.com;25;F;Acre;93187 Arnold Mountain Suite 991;69940-000;Sena Madureira;Brasil;-10;-69;Search;10/20/2021 10:01:00
83452;Rebecca;Hart;rebeccahart@example.com;15;F;Acre;3394 Thompson Plaza Apt. 893;69940-000;Sena Madureira;Brasil;-10;-69;Email;10/31/2019 3:51:00
89110;Joseph;Weber;josephweber@example.net;54;M;Acre;856 Guy Tunnel;69940-000;Sena Madureira;Brasil;-10;-69;Search;05/03/2019
1211;Alan;Mitchell;alanmitchell@example.net;38;M;Acre;340 Timothy Highway Suite 054;69970-000;Tarauacá;Brasil;-8;-72;Search;6/26/2021 12:31:00
29642;Scott;Johnson;scottjohnson@example.org;47;M;Acre;8851 Pratt Court Suite 904;69970-000;Tarauacá;Brasil;-8;-72;Facebook;3/15/2023 0:34:00
45151;Samuel;Guerrero;samuelguerrero@example.com;44;M;Acre;2329 Guerrero Plains Suite 066;69970-000;Tarauacá;Brasil;-8;-72;Search;06/12/2021
46456;Michelle;Baldwin;michellebaldwin@example.com;43;F;Acre;2074 May Pines;69970-000;Tarauacá;Brasil;-8;-72;Search;02/12/2020
47861;Jason;Carter;jasoncarter@example.net;49;M;Acre;565 Benton Run Suite 102;69970-000;Tarauacá;Brasil;-8;-72;Search;9/17/2019 13:59:00
55512;Tracy;Smith;tracysmith@example.com;54;F;Acre;931 Jackson Forges Apt. 351;69970-000;Tarauacá;Brasil;-8;-72;Facebook;5/20/2021 11:53:00
68852;Jay;Anderson;jayanderson@example.com;60;M;Acre;6575 Young Lock;69970-000;Tarauacá;Brasil;-8;-72;Search;03/02/2021
70268;George;Campbell;georgecampbell@example.com;23;M;Acre;96968 Julia Meadow;69970-000;Tarauacá;Brasil;-8;-72;Email;6/27/2023 11:56:07
83662;Cody;Evans;codyevans@example.net;62;M;Acre;9125 Aaron Bypass Suite 871;69970-000;Tarauacá;Brasil;-8;-72;Search;11/21/2022 12:43:00
8100;Timothy;Lee;timothylee@example.org;62;M;Acre;158 Winters Harbor Apt. 749;69980-000;null;Brasil;-8;-73;Organic;2/22/2023 12:35:00
21823;Amanda;Smith;amandasmith@example.org;70;F;Acre;5168 Antonio Highway;69980-000;null;Brasil;-8;-73;Search;10/07/2020
22017;Debra;Hernandez;debrahernandez@example.org;14;F;Acre;10438 Michael Islands;69980-000;null;Brasil;-8;-73;Organic;03/11/2022
24430;Daniel;Dominguez;danieldominguez@example.org;52;M;Acre;8140 Ronnie River;69980-000;null;Brasil;-8;-73;Search;10/30/2019 15:56:00
25912;Tiffany;Brown;tiffanybrown@example.com;49;F;Acre;517 Ronald Unions Apt. 705;69980-000;null;Brasil;-8;-73;Organic;1/25/2020 11:06:00
27357;Cody;Rogers;codyrogers@example.org;30;M;Acre;5237 Brittany Springs;69980-000;null;Brasil;-8;-73;Search;6/26/2023 4:29:38
31844;Anna;Marsh;annamarsh@example.org;68;F;Acre;6731 Sharon Brooks;69980-000;null;Brasil;-8;-73;Search;7/29/2022 13:40:00
40892;Chad;Boyle;chadboyle@example.com;54;M;Acre;9340 Martha Meadow;69980-000;null;Brasil;-8;-73;Search;12/18/2019 1:37:00
44338;Jacqueline;Powell;jacquelinepowell@example.org;24;F;Acre;134 Blair Rapids;69980-000;null;Brasil;-8;-73;Facebook;03/07/2021
51070;Christian;Todd;christiantodd@example.com;18;M;Acre;76406 Ortiz Loaf;69980-000;null;Brasil;-8;-73;Email;12/07/2020
51308;Crystal;Mayer;crystalmayer@example.org;64;F;Acre;577 Susan Villages;69980-000;null;Brasil;-8;-73;Search;07/06/2021
68502;Mackenzie;Anderson;mackenzieanderson@example.org;61;F;Acre;71615 Kim Stream Apt. 106;69980-000;null;Brasil;-8;-73;Search;05/02/2022
71636;James;Lane;jameslane@example.com;68;M;Acre;96283 Taylor Stravenue;69980-000;null;Brasil;-8;-73;Search;09/05/2020
83771;Teresa;Young;teresayoung@example.com;44;F;Acre;2615 Michael Port;69980-000;null;Brasil;-8;-73;Search;11/17/2019 3:41:00
88607;Trevor;Compton;trevorcompton@example.net;28;M;Acre;39450 Fisher Inlet Suite 492;69980-000;null;Brasil;-8;-73;Search;07/05/2020
91427;Sydney;Guzman;sydneyguzman@example.net;20;F;Acre;032 Wright Squares;69980-000;null;Brasil;-8;-73;Search;4/15/2019 17:05:00
92030;Kelly;Hale;kellyhale@example.net;19;F;Acre;355 Thomas Grove;69980-000;null;Brasil;-8;-73;Search;04/05/2021
94571;Shane;Walker;shanewalker@example.com;57;M;Acre;396 Schroeder Ville;69980-000;null;Brasil;-8;-73;Search;01/08/2022
34425;John;Scott;johnscott@example.com;12;M;Gifu;825 Moore Mount;507-0901;Tajimi City;Japan;35;137;Organic;11/08/2022
38403;Catherine;Beltran;catherinebeltran@example.com;14;F;Gifu;9704 Jessica Spurs Suite 266;507-0901;Tajimi City;Japan;35;137;Email;4/26/2021 3:02:00
57612;Thomas;Mendoza;thomasmendoza@example.org;65;M;Gifu;68379 Clarke Light;508-0001;Nakatsugawa City;Japan;35;138;Email;1/15/2020 10:49:00
27266;Donna;Schaefer;donnaschaefer@example.net;44;F;Gifu;224 James Heights;509-0206;Visa city;Japan;35;137;Search;2/18/2019 15:55:00
49301;Kenneth;Reynolds;kennethreynolds@example.net;34;M;Gifu;065 Amanda Dam;509-0206;Visa city;Japan;35;137;Search;5/26/2021 8:16:00
60174;Eric;Dougherty;ericdougherty@example.org;31;M;Gifu;94674 Kevin Coves;509-0206;Visa city;Japan;35;137;Search;08/07/2019
73472;Karen;Vasquez;karenvasquez@example.net;54;F;Gifu;10126 Jessica Corner Apt. 331;509-0206;Visa city;Japan;35;137;Search;04/09/2021
58104;Stephanie;Arroyo;stephaniearroyo@example.net;50;F;Gifu;4548 Derek Roads;509-5122;Eco-shi;Japan;35;137;Organic;6/23/2023 14:40:00
71793;Toni;Moore;tonimoore@example.net;23;F;Gifu;5143 Lambert Cliff;509-5122;Eco-shi;Japan;35;137;Display;6/23/2023 5:06:51
15088;Denise;Kim;denisekim@example.org;15;F;Iowa;5868 Lisa Station Suite 160;50010;Ames;United States;42;-94;Email;07/01/2021
48105;Mike;Miller;mikemiller@example.com;30;M;Iowa;08941 Raymond Mill;50010;Ames;United States;42;-94;Search;5/18/2020 10:18:00
56270;Christine;Gordon;christinegordon@example.com;61;F;Iowa;4127 Bailey Hill;50010;Ames;United States;42;-94;Search;6/15/2021 14:01:00
93926;Sierra;Bailey;sierrabailey@example.net;19;F;Iowa;3828 Donald Walk;50010;Ames;United States;42;-94;Search;01/01/2020
89921;Scott;Castillo;scottcastillo@example.org;18;M;Iowa;130 Harris Orchard;50014;Ames;United States;42;-94;Search;12/16/2021 17:00:00
35351;Denise;Ali;deniseali@example.net;14;F;Iowa;55175 Jacob Plaza;50021;Ankeny;United States;42;-94;Organic;3/26/2021 12:22:00
66333;Sean;Wells;seanwells@example.net;52;M;Iowa;6053 Leslie Locks Apt. 179;50021;Ankeny;United States;42;-94;Search;9/22/2021 2:26:00
75084;Shawn;Moore;shawnmoore@example.net;27;M;Iowa;5840 Norma Spring;50021;Ankeny;United States;42;-94;Email;12/06/2022
9931;Donald;Oconnor;donaldoconnor@example.org;27;M;Iowa;765 Angela Valleys;50023;Ankeny;United States;42;-94;Search;1/17/2021 13:04:00
15227;Megan;Cruz;megancruz@example.org;31;F;Iowa;4385 Kirby Circle Suite 438;50023;Ankeny;United States;42;-94;Search;4/30/2021 11:31:00
26227;Aaron;Chavez;aaronchavez@example.org;34;M;Iowa;0110 Scott Path Apt. 831;50023;Ankeny;United States;42;-94;Display;01/08/2020
74372;Michael;Villarreal;michaelvillarreal@example.net;26;M;Iowa;2553 Curry Village Suite 007;50023;Ankeny;United States;42;-94;Facebook;12/08/2021
93624;Heather;Morton;heathermorton@example.net;66;F;Iowa;863 Mcneil Unions Suite 775;50023;Ankeny;United States;42;-94;Organic;12/08/2020
99130;Donald;Schwartz;donaldschwartz@example.net;40;M;Iowa;31128 Vicki Overpass;50023;Ankeny;United States;42;-94;Search;06/04/2020
16002;Michael;Robinson;michaelrobinson@example.org;13;M;Iowa;386 Steven Wall Apt. 691;50158;Marshalltown;United States;42;-93;Search;10/08/2019
30315;Christina;Mcdowell;christinamcdowell@example.com;53;F;Iowa;49245 Isabella Junction;50158;Marshalltown;United States;42;-93;Search;05/05/2022
51815;Mark;Palmer;markpalmer@example.net;49;M;Iowa;876 Chapman Mountains;50158;Marshalltown;United States;42;-93;Search;8/30/2021 10:51:00
45705;Charles;Huffman;charleshuffman@example.org;37;M;Iowa;059 Stephanie Neck Suite 312;50263;Waukee;United States;42;-94;Search;08/07/2021
59195;Jason;Miller;jasonmiller@example.org;49;M;Iowa;257 Michael Light;50263;Waukee;United States;42;-94;Search;5/23/2019 3:52:00
2245;William;Stokes;williamstokes@example.org;33;M;Iowa;1650 Katherine Mission;50265;West Des Moines;United States;42;-94;Search;10/22/2020 9:40:00
69739;Jessica;Nelson;jessicanelson@example.org;19;F;Iowa;36588 Garcia Tunnel;50265;West Des Moines;United States;42;-94;Search;10/12/2019
85534;Dylan;Mercado;dylanmercado@example.com;30;M;Iowa;40705 Emily Springs Suite 166;50265;West Des Moines;United States;42;-94;Search;3/21/2023 17:14:00
92950;Alyssa;Harris;alyssaharris@example.com;31;F;Iowa;785 Fisher Street Apt. 471;50265;West Des Moines;United States;42;-94;Search;4/22/2022 13:48:00
97497;Erik;Allen;erikallen@example.com;39;M;Iowa;57415 Jeremiah Greens Suite 140;50265;West Des Moines;United States;42;-94;Search;11/16/2022 8:49:00
9348;Alexa;Cooper;alexacooper@example.com;65;F;Iowa;82421 Brianna Road;50266;West Des Moines;United States;42;-94;Search;6/24/2023 13:36:48
45148;David;Wang;davidwang@example.net;30;M;Iowa;1126 Hester Mountain;50266;West Des Moines;United States;42;-94;Search;01/12/2019
85670;Isaac;Campbell;isaaccampbell@example.com;25;M;Iowa;9320 Aaron Hollow;50266;West Des Moines;United States;42;-94;Search;8/20/2019 5:57:00
10324;Brian;Foster;brianfoster@example.org;41;M;Iowa;967 Jordan Forest Apt. 823;50310;Des Moines;United States;42;-94;Organic;01/02/2019
12502;John;Hernandez;johnhernandez@example.net;54;M;Iowa;95933 Moore Green;50310;Des Moines;United States;42;-94;Display;2/17/2021 16:29:00
26845;Stefanie;Wilson;stefaniewilson@example.org;21;F;Iowa;751 Reynolds Bridge;50310;Des Moines;United States;42;-94;Search;5/28/2023 0:26:00
57348;Rebecca;Harris;rebeccaharris@example.org;60;F;Iowa;39095 Hayes Drive;50310;Des Moines;United States;42;-94;Email;11/10/2022
61520;Melissa;Johnson;melissajohnson@example.com;19;F;Iowa;9444 Karla Points;50310;Des Moines;United States;42;-94;Search;7/24/2021 7:22:00
78684;Theresa;Perry;theresaperry@example.net;63;F;Iowa;1417 Williams Inlet;50310;Des Moines;United States;42;-94;Search;4/22/2019 9:54:00
91738;Marie;Butler;mariebutler@example.org;61;F;Iowa;060 Gina Heights;50310;Des Moines;United States;42;-94;Search;11/01/2020
17286;Lori;Bradley;loribradley@example.com;64;F;Iowa;81273 Smith Ford Apt. 419;50315;Des Moines;United States;42;-94;Facebook;10/20/2020 8:05:00
30710;Sonya;Russell;sonyarussell@example.org;69;F;Iowa;745 Samantha Unions Apt. 080;50315;Des Moines;United States;42;-94;Organic;04/12/2022
54216;Sheila;Flowers;sheilaflowers@example.net;35;F;Iowa;8870 White Forges Suite 538;50315;Des Moines;United States;42;-94;Search;09/02/2022
66457;Tonya;Shannon;tonyashannon@example.net;59;F;Iowa;266 Roth Land;50315;Des Moines;United States;42;-94;Search;3/19/2019 13:46:00
70353;Tanya;Franco;tanyafranco@example.org;21;F;Iowa;03677 Wagner Hollow Suite 252;50315;Des Moines;United States;42;-94;Search;3/24/2020 18:53:00
73416;Kristina;Williamson;kristinawilliamson@example.org;36;F;Iowa;2415 Tiffany Orchard;50315;Des Moines;United States;42;-94;Search;04/10/2019
76472;Casey;Todd;caseytodd@example.net;48;F;Iowa;12658 Robin Crossroad;50315;Des Moines;United States;42;-94;Search;8/29/2022 4:16:00
98998;Stephen;Clark;stephenclark@example.com;56;M;Iowa;56559 Brian Plain;50315;Des Moines;United States;42;-94;Search;5/23/2022 7:24:00
99932;Melissa;Robertson;melissarobertson@example.net;16;F;Iowa;5444 Erica Mall Apt. 637;50315;Des Moines;United States;42;-94;Search;01/08/2019
7302;Amanda;Payne;amandapayne@example.org;66;F;Iowa;9347 Joseph Islands Suite 543;50317;Des Moines;United States;42;-94;Search;8/15/2022 7:18:00
21902;Tina;Glover;tinaglover@example.org;31;F;Iowa;671 Ashley Plaza Apt. 220;50317;Des Moines;United States;42;-94;Search;2/26/2020 9:47:00
48343;Kathleen;Smith;kathleensmith@example.com;49;F;Iowa;0328 Tate Ramp Suite 706;50317;Des Moines;United States;42;-94;Facebook;10/12/2019
75658;Jerry;Byrd;jerrybyrd@example.com;14;M;Iowa;252 Hendricks Island;50317;Des Moines;United States;42;-94;Search;8/21/2019 7:08:00
29418;Jennifer;Guerrero;jenniferguerrero@example.com;18;F;Iowa;772 Ethan Forest;50322;Urbandale;United States;42;-94;Email;2/25/2022 8:36:00
52182;Martha;Bishop;marthabishop@example.com;62;F;Iowa;842 Vanessa Viaduct Apt. 633;50322;Urbandale;United States;42;-94;Search;01/04/2020
65211;Daniel;Villegas;danielvillegas@example.net;32;M;Iowa;1752 Becker Camp;50322;Urbandale;United States;42;-94;Organic;11/09/2019
65780;Alexis;Washington;alexiswashington@example.net;23;F;Iowa;224 Christopher Port Suite 496;50322;Urbandale;United States;42;-94;Search;6/30/2022 18:15:00
75393;Brenda;Rose;brendarose@example.net;22;F;Iowa;76360 Lewis Turnpike;50322;Urbandale;United States;42;-94;Search;02/07/2022
22377;Linda;Cooley;lindacooley@example.com;70;F;Iowa;07120 Lee Square Suite 472;50401;Mason City;United States;43;-93;Search;10/20/2022 7:03:00
5135;Candace;Landry;candacelandry@example.org;57;F;Iowa;79750 Lamb Skyway Suite 559;50501;Fort Dodge;United States;42;-94;Search;8/28/2019 0:27:00
16359;Amy;Carpenter;amycarpenter@example.com;52;F;Iowa;876 Carmen Plaza;50501;Fort Dodge;United States;42;-94;Search;8/30/2021 11:20:00
17863;Anne;Woods;annewoods@example.org;45;F;Iowa;458 Brandon Unions Apt. 558;50501;Fort Dodge;United States;42;-94;Search;1/26/2021 15:18:00
24516;Kelly;Clark;kellyclark@example.com;69;F;Iowa;480 Taylor Run;50501;Fort Dodge;United States;42;-94;Search;12/09/2020
61334;Bobby;Wallace;bobbywallace@example.org;40;M;Iowa;915 Jarvis Junctions;50501;Fort Dodge;United States;42;-94;Search;4/30/2019 0:29:00
75055;Paul;Hopkins;paulhopkins@example.com;20;M;Iowa;31251 Moore Motorway Apt. 897;50501;Fort Dodge;United States;42;-94;Search;03/10/2023
59;Cindy;Hancock;cindyhancock@example.net;40;F;Iowa;292 Humphrey Hill Suite 234;50613;Cedar Falls;United States;43;-92;Search;9/24/2020 8:35:00
44407;Justin;Nelson;justinnelson@example.com;63;M;Iowa;5438 Hoffman Pike Apt. 747;50613;Cedar Falls;United States;43;-92;Search;2/21/2023 8:19:00
54237;Todd;Johnson;toddjohnson@example.net;39;M;Iowa;4893 Jeffrey Garden Suite 086;50613;Cedar Falls;United States;43;-92;Facebook;2/14/2023 2:49:00
69506;Douglas;Anderson;douglasanderson@example.net;49;M;Iowa;5250 Simpson Bridge;50613;Cedar Falls;United States;43;-92;Search;11/20/2019 17:56:00
84072;Wendy;Carter;wendycarter@example.com;49;F;Iowa;9239 Rowe Shore;50613;Cedar Falls;United States;43;-92;Search;05/02/2023
1199;Jean;Walter;jeanwalter@example.org;61;F;Iowa;977 Mark Rapid;50701;Waterloo;United States;42;-92;Search;05/01/2022
11715;Susan;Horn;susanhorn@example.org;30;F;Iowa;3644 Ibarra Spurs Apt. 009;50701;Waterloo;United States;42;-92;Organic;07/05/2019
12169;William;Baxter;williambaxter@example.net;34;M;Iowa;156 Bolton Trail Suite 313;50701;Waterloo;United States;42;-92;Search;7/14/2022 2:28:00
25699;Zachary;Moody;zacharymoody@example.com;55;M;Iowa;648 Michael Cove;50701;Waterloo;United States;42;-92;Search;10/21/2020 1:03:00
31463;Anthony;Brown;anthonybrown@example.net;58;M;Iowa;9375 Miller Courts Suite 106;50701;Waterloo;United States;42;-92;Facebook;11/18/2020 6:09:00
32242;Sandra;Jackson;sandrajackson@example.net;22;F;Iowa;85924 Elliott Estates;50701;Waterloo;United States;42;-92;Search;3/26/2020 17:39:00
43148;Christina;Sharp;christinasharp@example.org;15;F;Iowa;212 Fry Valley;50701;Waterloo;United States;42;-92;Facebook;8/21/2020 13:00:00
57533;Donald;Bell;donaldbell@example.com;16;M;Iowa;01728 King Burgs;50701;Waterloo;United States;42;-92;Search;2/24/2023 8:46:00
92292;Andre;Taylor;andretaylor@example.net;54;M;Iowa;946 Kyle Pass Suite 251;50701;Waterloo;United States;42;-92;Search;3/22/2021 10:15:00
6021;Tina;Jackson;tinajackson@example.com;27;F;Iowa;8811 Sanchez Branch Apt. 836;51106;Sioux City;United States;42;-96;Search;1/27/2023 13:15:00
11502;Brett;Zuniga;brettzuniga@example.net;51;M;Iowa;9357 Lewis Isle;51106;Sioux City;United States;42;-96;Organic;04/04/2019
12055;Melanie;Dorsey;melaniedorsey@example.net;44;F;Iowa;7740 Delgado Ridge;51106;Sioux City;United States;42;-96;Search;9/20/2022 1:49:00
57887;Wendy;Patel;wendypatel@example.org;24;F;Iowa;28257 Swanson Walks Apt. 939;51106;Sioux City;United States;42;-96;Organic;7/18/2021 8:21:00
49601;Christopher;Mclaughlin;christophermclaughlin@example.com;62;M;Iowa;7224 Carly Wells;51501;Council Bluffs;United States;41;-96;Search;03/03/2021
92688;Rebecca;Miller;rebeccamiller@example.org;33;F;Iowa;964 Hancock Estate Apt. 335;51501;Council Bluffs;United States;41;-96;Facebook;6/28/2020 7:12:00
98901;Marilyn;Sanders;marilynsanders@example.org;41;F;Iowa;99662 Evans Mount Suite 359;51501;Council Bluffs;United States;41;-96;Search;04/08/2020
23088;Dakota;Morales;dakotamorales@example.com;54;M;Iowa;76011 Williams Summit Apt. 206;51503;Council Bluffs;United States;41;-96;Email;1/16/2021 12:13:00
32314;Benjamin;Lee;benjaminlee@example.org;59;M;Iowa;70714 Evans Bypass Suite 536;51503;Council Bluffs;United States;41;-96;Organic;08/04/2019
64620;Terry;York;terryyork@example.com;43;F;Iowa;115 Tara Meadow;51503;Council Bluffs;United States;41;-96;Search;11/16/2022 15:08:00
74747;Ashley;Gilbert;ashleygilbert@example.com;65;F;Iowa;286 Jennifer Skyway;51503;Council Bluffs;United States;41;-96;Organic;05/09/2019
94502;Helen;Taylor;helentaylor@example.com;37;F;Iowa;491 Moore River Suite 438;51503;Council Bluffs;United States;41;-96;Search;11/06/2021
97611;Rachel;Cobb;rachelcobb@example.net;16;F;Iowa;14166 Anthony Inlet Suite 574;51503;Council Bluffs;United States;41;-96;Facebook;3/31/2023 14:15:00
36995;Carol;Lee;carollee@example.net;64;F;Iowa;406 White Cliff;52001;Dubuque;United States;43;-91;Search;09/08/2019
39759;Tracy;Coleman;tracycoleman@example.com;61;F;Iowa;10825 Allen Pike;52001;Dubuque;United States;43;-91;Search;1/28/2019 15:21:00
47563;Donald;Phillips;donaldphillips@example.com;16;M;Iowa;2432 Emily Prairie Apt. 625;52001;Dubuque;United States;43;-91;Search;4/23/2019 9:19:00
54364;Ronald;Soto;ronaldsoto@example.net;61;M;Iowa;9010 Amber Inlet;52001;Dubuque;United States;43;-91;Search;07/06/2022
56478;Sophia;Rosales;sophiarosales@example.net;25;F;Iowa;178 Justin Prairie;52001;Dubuque;United States;43;-91;Search;6/26/2023 13:08:10
61917;Timothy;Becker;timothybecker@example.org;44;M;Iowa;689 Freeman Plaza Apt. 770;52001;Dubuque;United States;43;-91;Search;11/13/2022 10:42:00
73584;Isaac;Thornton;isaacthornton@example.net;54;M;Iowa;84126 Jennifer Highway;52001;Dubuque;United States;43;-91;Search;03/11/2019
5034;Steven;Freeman;stevenfreeman@example.net;42;M;Iowa;55244 Maldonado Vista;52240;Iowa City;United States;42;-92;Search;12/06/2019
13074;Lisa;Guerrero;lisaguerrero@example.com;51;F;Iowa;3433 Sanchez Mountain Suite 988;52240;Iowa City;United States;42;-92;Search;5/29/2022 12:21:00
69659;Stephen;Quinn;stephenquinn@example.com;57;M;Iowa;217 Wilson Radial Apt. 001;52240;Iowa City;United States;42;-92;Search;3/26/2019 17:24:00
47424;Darren;Parsons;darrenparsons@example.com;50;M;Iowa;981 Benjamin Streets;52246;Iowa City;United States;42;-92;Search;4/22/2019 6:32:00
43152;Michelle;Garcia;michellegarcia@example.org;25;F;Iowa;471 Lopez Walks;52302;Marion;United States;42;-92;Search;11/20/2021 12:32:00
66010;Amanda;Diaz;amandadiaz@example.net;42;F;Iowa;60075 Tara Crossing;52302;Marion;United States;42;-92;Search;08/02/2019
69864;Krista;Williams;kristawilliams@example.org;13;F;Iowa;6865 Cooper Inlet;52302;Marion;United States;42;-92;Display;07/06/2022
83346;Kerry;Shaffer;kerryshaffer@example.net;37;F;Iowa;866 Hahn Burg Suite 843;52302;Marion;United States;42;-92;Search;9/28/2019 5:41:00
26295;Sara;Hines;sarahines@example.net;48;F;Iowa;6459 Lisa Via;52402;Cedar Rapids;United States;42;-92;Search;08/08/2022
39243;Mercedes;Obrien;mercedesobrien@example.org;24;F;Iowa;244 Cynthia Roads;52402;Cedar Rapids;United States;42;-92;Search;06/06/2021
89160;Anthony;Hughes;anthonyhughes@example.com;54;M;Iowa;350 Shelley Route;52402;Cedar Rapids;United States;42;-92;Facebook;01/12/2020
61978;Stanley;Walker;stanleywalker@example.org;22;M;Iowa;41264 Molina Passage Apt. 199;52404;Cedar Rapids;United States;42;-92;Search;3/13/2023 1:31:00
98818;Scott;Hunt;scotthunt@example.net;65;M;Iowa;7266 Davis Rapids Suite 542;52404;Cedar Rapids;United States;42;-92;Search;11/16/2019 18:06:00
15881;Terry;Trujillo;terrytrujillo@example.com;23;F;Iowa;15124 Roberson Forge;52405;Cedar Rapids;United States;42;-92;Organic;06/04/2021
19870;Jessica;Frazier;jessicafrazier@example.com;66;F;Iowa;44623 Jessica Gateway Suite 048;52405;Cedar Rapids;United States;42;-92;Organic;1/16/2021 9:21:00
31810;Thomas;Williams;thomaswilliams@example.org;13;M;Iowa;02103 Glenn Coves Apt. 414;52405;Cedar Rapids;United States;42;-92;Organic;6/13/2019 1:38:00
35807;Paige;Owen;paigeowen@example.com;33;F;Iowa;89096 Bauer Burg;52405;Cedar Rapids;United States;42;-92;Search;9/24/2022 11:42:00
55687;Christian;Walsh;christianwalsh@example.net;48;M;Iowa;21189 Brewer Key;52405;Cedar Rapids;United States;42;-92;Search;11/29/2021 13:37:00
12182;Alison;Gomez;alisongomez@example.net;54;F;Iowa;92605 Kristin Flats Apt. 769;52501;Ottumwa;United States;41;-92;Search;8/21/2019 3:38:00
40222;Thomas;Simmons;thomassimmons@example.com;56;M;Iowa;38813 Graham Harbors;52501;Ottumwa;United States;41;-92;Search;01/07/2022
58897;Lynn;Williams;lynnwilliams@example.com;69;F;Iowa;120 Green Forest Suite 580;52501;Ottumwa;United States;41;-92;Facebook;3/24/2019 5:58:00
64264;Monique;Mcdonald;moniquemcdonald@example.org;31;F;Iowa;087 Carpenter Loaf;52501;Ottumwa;United States;41;-92;Search;10/01/2021
68801;Nicole;Sweeney;nicolesweeney@example.org;69;F;Iowa;37302 Karen Ferry Apt. 180;52501;Ottumwa;United States;41;-92;Search;4/18/2020 1:18:00
7146;Kyle;Conley;kyleconley@example.com;40;M;Iowa;776 Tiffany Alley Apt. 577;52722;Bettendorf;United States;42;-90;Organic;11/04/2019
17511;Sarah;Bradley;sarahbradley@example.com;59;F;Iowa;759 Perkins Views;52722;Bettendorf;United States;42;-90;Search;12/22/2021 4:51:00
20325;Jonathan;Bell;jonathanbell@example.net;42;M;Iowa;3332 Philip Curve Apt. 716;52722;Bettendorf;United States;42;-90;Search;7/20/2021 16:24:00
71901;Mary;Hart;maryhart@example.com;27;F;Iowa;0986 Richard Road Apt. 909;52722;Bettendorf;United States;42;-90;Search;04/06/2023
16461;Lisa;Ayala;lisaayala@example.org;36;F;Iowa;803 Lisa Parks;52732;Clinton;United States;42;-90;Search;12/26/2022 7:41:00
20118;Patrick;Graham;patrickgraham@example.org;41;M;Iowa;8823 Joshua Rapid;52732;Clinton;United States;42;-90;Organic;07/08/2019
33515;Gabriel;Nelson;gabrielnelson@example.net;59;M;Iowa;12680 Conway Stream;52761;Muscatine;United States;41;-91;Display;04/03/2021
40181;Bradley;Stanley;bradleystanley@example.net;61;M;Iowa;3964 Krista Burg;52761;Muscatine;United States;41;-91;Organic;6/14/2022 3:57:00
11670;Kathryn;Douglas;kathryndouglas@example.net;46;F;Iowa;049 John Path;52804;Davenport;United States;42;-91;Display;12/07/2022
18253;Heather;Clark;heatherclark@example.com;37;F;Iowa;5376 Benson Row;52804;Davenport;United States;42;-91;Search;08/08/2020
24772;Thomas;Morris;thomasmorris@example.org;31;M;Iowa;8136 Aguirre Ports Suite 964;52804;Davenport;United States;42;-91;Search;6/16/2023 11:10:00
73353;Heather;Harris;heatherharris@example.org;41;F;Iowa;1081 Gillespie Valley Apt. 853;52804;Davenport;United States;42;-91;Search;12/17/2021 0:00:00
77823;John;Ellison;johnellison@example.com;44;M;Iowa;825 Justin Oval Suite 064;52804;Davenport;United States;42;-91;Search;7/13/2020 18:08:00
85717;Andrew;Myers;andrewmyers@example.org;60;M;Iowa;49066 Love Forks Suite 401;52804;Davenport;United States;42;-91;Organic;5/20/2020 7:18:00
14477;John;Brown;johnbrown@example.com;33;M;Iowa;94043 Emily Extensions Apt. 449;52806;Davenport;United States;42;-91;Search;9/23/2019 17:51:00
30153;Alexander;Ortiz;alexanderortiz@example.com;26;M;Iowa;0068 Brewer Loop Suite 466;52806;Davenport;United States;42;-91;Search;01/01/2022
34378;Heather;Padilla;heatherpadilla@example.net;26;F;Iowa;92651 Brittney Dam Suite 572;52806;Davenport;United States;42;-91;Search;3/15/2019 18:57:00
7715;Kenneth;Brown;kennethbrown@example.org;14;M;Nara;76168 Jones Well;630-0101;Ikoma City;Japan;35;136;Search;02/06/2020
63178;Mia;Hunt;miahunt@example.com;63;F;Nara;78332 Johnson Common;630-0101;Ikoma City;Japan;35;136;Email;05/07/2019
91949;Leah;Espinoza;leahespinoza@example.com;15;F;Nara;1778 Chad Parkways;630-0101;Ikoma City;Japan;35;136;Search;6/13/2020 18:43:00
20886;Jacob;Tate;jacobtate@example.com;66;M;Nara;9406 Mcdaniel Well;639-0214;Locality;Japan;35;136;Search;6/17/2022 12:20:00
48406;Dean;Ward;deanward@example.org;40;M;Nara;58713 Phillips Junction Suite 041;639-0214;Locality;Japan;35;136;Organic;05/12/2023
74812;Natasha;Stanley;natashastanley@example.com;27;F;Nara;230 Patrick Dale;639-0214;Locality;Japan;35;136;Search;2/13/2023 4:06:00
77353;Ashley;Johnson;ashleyjohnson@example.com;13;F;Nara;15437 Carter Rapid;639-0214;Locality;Japan;35;136;Search;10/10/2022
11104;Kelly;Swanson;kellyswanson@example.net;44;F;Ohio;11796 Newton Walk;43015;Delaware;United States;40;-83;Search;8/20/2019 14:39:00
42039;Julia;Rivera;juliarivera@example.com;47;F;Ohio;614 Brown Burgs;43015;Delaware;United States;40;-83;Search;9/25/2021 12:47:00
64141;Jessica;Jackson;jessicajackson@example.net;19;F;Ohio;14576 Karen Crescent;43015;Delaware;United States;40;-83;Facebook;8/28/2019 13:40:00
78316;Shannon;Browning;shannonbrowning@example.net;54;F;Ohio;75002 Kevin Walks;43015;Delaware;United States;40;-83;Search;10/11/2022
79499;Jeff;Hughes;jeffhughes@example.net;38;M;Ohio;97820 Daniel Loaf Apt. 507;43015;Delaware;United States;40;-83;Search;10/14/2022 10:09:00
86357;Rachel;Foster;rachelfoster@example.net;42;F;Ohio;83070 Gould Isle Suite 270;43015;Delaware;United States;40;-83;Organic;4/26/2021 6:43:00
90083;Paul;Stone;paulstone@example.com;30;M;Ohio;0364 Carmen Tunnel;43015;Delaware;United States;40;-83;Search;6/16/2020 4:43:00
4263;Kristy;Little;kristylittle@example.com;31;F;Ohio;093 Beth Heights;43016;Dublin;United States;40;-83;Organic;11/30/2021 18:06:00
8161;Heather;Anderson;heatheranderson@example.com;15;F;Ohio;24961 Cindy Crossroad;43016;Dublin;United States;40;-83;Search;10/01/2021
30426;Alexander;Monroe;alexandermonroe@example.net;21;M;Ohio;68158 Mark Hollow Apt. 377;43016;Dublin;United States;40;-83;Search;7/27/2021 12:36:00
41095;Robert;Mills;robertmills@example.org;47;M;Ohio;48240 Brandon Skyway Suite 712;43016;Dublin;United States;40;-83;Search;8/24/2019 12:36:00
42598;Grace;Hammond;gracehammond@example.com;17;F;Ohio;7745 Justin Crossroad Apt. 064;43016;Dublin;United States;40;-83;Search;9/18/2020 5:06:00
71811;Barbara;Juarez;barbarajuarez@example.net;67;F;Ohio;486 Amy Port;43016;Dublin;United States;40;-83;Search;10/25/2019 12:52:00
4269;Tammy;Hall;tammyhall@example.net;18;F;Ohio;556 Timothy Stravenue;43017;Dublin;United States;40;-83;Search;10/11/2020
6531;Gloria;Hatfield;gloriahatfield@example.com;63;F;Ohio;9188 Waters Bridge;43017;Dublin;United States;40;-83;Organic;02/03/2023
14099;Todd;Thompson;toddthompson@example.org;41;M;Ohio;27645 Matthew Divide;43017;Dublin;United States;40;-83;Search;4/25/2019 12:29:00
59929;Katherine;Phillips;katherinephillips@example.net;33;F;Ohio;526 French Ferry Suite 086;43017;Dublin;United States;40;-83;Search;12/03/2019
87150;Karen;Sullivan;karensullivan@example.org;34;F;Ohio;88387 Cole Glens Apt. 297;43017;Dublin;United States;40;-83;Organic;03/11/2023
13013;Deborah;Thomas;deborahthomas@example.org;35;F;Ohio;9398 Walter Stream;43026;Hilliard;United States;40;-83;Search;4/29/2019 2:02:00
34035;Barry;Tucker;barrytucker@example.net;66;M;Ohio;567 Christian Squares;43026;Hilliard;United States;40;-83;Email;6/28/2023 14:27:35
56343;Michelle;Bishop;michellebishop@example.org;56;F;Ohio;36067 Newton Extensions Apt. 149;43026;Hilliard;United States;40;-83;Search;7/25/2020 10:48:00
96312;Sharon;Rollins;sharonrollins@example.com;20;F;Ohio;6554 Castillo Avenue Suite 794;43026;Hilliard;United States;40;-83;Search;4/27/2020 15:17:00
96449;James;Bruce;jamesbruce@example.com;64;M;Ohio;056 Romero Prairie;43026;Hilliard;United States;40;-83;Search;11/03/2021
19384;Sabrina;Frye;sabrinafrye@example.org;23;F;Ohio;295 Russell Plains Apt. 052;43035;Lewis Center;United States;40;-83;Search;1/26/2019 15:33:00
22143;Brenda;Fischer;brendafischer@example.com;54;F;Ohio;17944 Allison Locks;43035;Lewis Center;United States;40;-83;Search;8/29/2021 4:10:00
45305;Alexander;Johnson;alexanderjohnson@example.org;37;M;Ohio;56032 Thomas Divide;43035;Lewis Center;United States;40;-83;Search;08/12/2020
81178;Robert;Gordon;robertgordon@example.org;23;M;Ohio;8026 Dorsey Alley Suite 249;43035;Lewis Center;United States;40;-83;Organic;6/27/2023 17:58:36
33359;Erica;Davis;ericadavis@example.com;26;F;Ohio;3761 George Trafficway;43040;Marysville;United States;40;-83;Search;08/09/2019
37654;Amanda;Perez;amandaperez@example.com;56;F;Ohio;7392 Kristopher Rue;43040;Marysville;United States;40;-83;Display;7/15/2022 13:01:00
62214;Bradley;Lam;bradleylam@example.com;49;M;Ohio;56753 Rebekah Ford;43040;Marysville;United States;40;-83;Search;02/11/2020
66638;Jessica;Montoya;jessicamontoya@example.com;67;F;Ohio;2729 Daryl Run;43040;Marysville;United States;40;-83;Search;9/23/2020 10:11:00
67211;Jason;Curtis;jasoncurtis@example.net;56;M;Ohio;44524 Bryan Village Apt. 337;43040;Marysville;United States;40;-83;Search;12/28/2020 15:03:00
88668;Marisa;Sawyer;marisasawyer@example.org;27;F;Ohio;8582 Lisa Spring Suite 316;43040;Marysville;United States;40;-83;Search;2/25/2019 14:49:00
12411;Michelle;Harrison;michelleharrison@example.net;36;F;Ohio;47876 Herrera Mall Suite 579;43050;Mount Vernon;United States;40;-82;Search;10/19/2021 9:31:00
14312;Robert;Hendricks;roberthendricks@example.org;32;M;Ohio;9049 Stark Trace Apt. 487;43050;Mount Vernon;United States;40;-82;Search;12/01/2020
26064;Samantha;Riley;samanthariley@example.org;65;F;Ohio;836 Christopher Overpass Suite 848;43050;Mount Vernon;United States;40;-82;Search;05/04/2021
35356;Veronica;Stewart;veronicastewart@example.org;30;F;Ohio;176 Williams Squares Suite 943;43050;Mount Vernon;United States;40;-82;Search;02/09/2022
43182;Elizabeth;Brooks;elizabethbrooks@example.net;22;F;Ohio;7719 Catherine Island;43050;Mount Vernon;United States;40;-82;Search;1/21/2022 1:46:00
48679;Mary;Jones;maryjones@example.com;22;F;Ohio;614 Sawyer Trace;43050;Mount Vernon;United States;40;-82;Facebook;1/20/2019 12:58:00
36691;Jamie;Harvey;jamieharvey@example.com;28;F;Ohio;519 Molly Crescent Apt. 394;43055;Newark;United States;40;-82;Search;7/29/2022 4:11:00
39151;David;Wilson;davidwilson@example.net;24;M;Ohio;46044 Bowman Plains;43055;Newark;United States;40;-82;Organic;3/23/2019 12:54:00
47142;Gabrielle;Adams;gabrielleadams@example.com;14;F;Ohio;65314 Petersen Cape Suite 775;43055;Newark;United States;40;-82;Search;10/10/2022
32104;John;Ramirez;johnramirez@example.org;52;M;Ohio;3336 Sandra Row Apt. 268;43062;Pataskala;United States;40;-83;Search;3/30/2023 11:07:00
49102;Mark;Wells;markwells@example.com;46;M;Ohio;91402 Johnson Dam;43062;Pataskala;United States;40;-83;Search;11/14/2022 17:42:00
59773;Eric;Phillips;ericphillips@example.com;64;M;Ohio;043 Dustin Islands Apt. 659;43062;Pataskala;United States;40;-83;Search;07/03/2022
71103;Shawn;Wilson;shawnwilson@example.net;43;M;Ohio;889 Nunez Neck;43062;Pataskala;United States;40;-83;Organic;2/21/2019 1:30:00
83573;Pamela;Payne;pamelapayne@example.net;62;F;Ohio;7153 Nguyen Bypass;43062;Pataskala;United States;40;-83;Search;02/11/2021
62382;Cody;Taylor;codytaylor@example.org;69;M;Ohio;644 Brennan Ridges Apt. 437;43065;Powell;United States;40;-83;Search;1/14/2021 18:52:00
83263;Richard;Cantrell;richardcantrell@example.com;27;M;Ohio;96433 Jason Estate Suite 670;43065;Powell;United States;40;-83;Search;01/07/2020
21396;Samantha;Campbell;samanthacampbell@example.net;32;F;Ohio;156 Lowe Island;43068;Reynoldsburg;United States;40;-83;Search;05/01/2021
39758;James;James;jamesjames@example.net;17;M;Ohio;5494 Christy Overpass Suite 341;43068;Reynoldsburg;United States;40;-83;Search;12/07/2020
45103;Andrea;Cooke;andreacooke@example.com;16;F;Ohio;8542 Jessica Vista;43068;Reynoldsburg;United States;40;-83;Search;6/21/2020 18:34:00
62922;Barbara;Gonzalez;barbaragonzalez@example.org;13;F;Ohio;8184 Luke Light;43068;Reynoldsburg;United States;40;-83;Search;2/28/2021 8:32:00
76691;Nathan;Olson;nathanolson@example.net;32;M;Ohio;66291 Thomas Pines Apt. 957;43068;Reynoldsburg;United States;40;-83;Display;9/26/2019 9:01:00
82587;Patricia;Atkinson;patriciaatkinson@example.org;15;F;Ohio;4504 Laura Glens Suite 057;43068;Reynoldsburg;United States;40;-83;Search;7/13/2019 10:15:00
84702;Andrea;Smith;andreasmith@example.com;27;F;Ohio;42280 Angela Squares Suite 169;43068;Reynoldsburg;United States;40;-83;Search;1/29/2022 3:42:00
86787;Alan;Klein;alanklein@example.net;41;M;Ohio;652 Lara Unions Suite 647;43068;Reynoldsburg;United States;40;-83;Search;10/03/2020
3009;Amy;York;amyyork@example.net;57;F;Ohio;19744 Roth Lock Apt. 107;43081;Westerville;United States;40;-83;Search;04/04/2021
45058;Ethan;Horton;ethanhorton@example.org;19;M;Ohio;12416 Thomas Estates Apt. 197;43081;Westerville;United States;40;-83;Search;01/11/2019
11683;Bethany;Cowan;bethanycowan@example.org;37;F;Ohio;35782 Davis Islands;43082;Westerville;United States;40;-83;Search;07/09/2022
11868;David;Davis;daviddavis@example.com;37;M;Ohio;1861 Michael Summit Apt. 558;43082;Westerville;United States;40;-83;Search;06/12/2022
14439;Richard;Owen;richardowen@example.org;35;M;Ohio;3918 Mcconnell Fork Suite 555;43082;Westerville;United States;40;-83;Search;12/14/2020 10:06:00
39731;Michael;Pittman;michaelpittman@example.org;37;M;Ohio;3409 Hess Harbors Suite 701;43082;Westerville;United States;40;-83;Search;01/09/2019
71772;Ryan;Salinas;ryansalinas@example.com;47;M;Ohio;162 Xavier Road;43082;Westerville;United States;40;-83;Organic;10/02/2019
80820;Jennifer;Martin;jennifermartin@example.com;41;F;Ohio;8106 Smith Valley Suite 048;43082;Westerville;United States;40;-83;Search;11/11/2021
81689;Eric;Taylor;erictaylor@example.net;17;M;Ohio;7433 Ramirez Forks;43082;Westerville;United States;40;-83;Organic;11/26/2019 17:52:00
90000;Lauren;Reed;laurenreed@example.net;33;F;Ohio;00701 Tracy Club Suite 906;43082;Westerville;United States;40;-83;Email;03/12/2022
94357;Colleen;Booth;colleenbooth@example.com;58;F;Ohio;3412 Davis Spur;43082;Westerville;United States;40;-83;Search;4/26/2023 7:52:00
97053;Robert;Perez;robertperez@example.com;28;M;Ohio;9085 Frank Spring Apt. 415;43082;Westerville;United States;40;-83;Search;1/26/2023 6:05:00
5084;Rebecca;Sherman;rebeccasherman@example.com;18;F;Ohio;56616 Miller Underpass;43085;Worthington;United States;40;-83;Search;02/09/2023
51007;Anna;Mclean;annamclean@example.org;34;F;Ohio;0046 Tanya Islands Suite 372;43085;Worthington;United States;40;-83;Search;03/07/2019
67238;Phillip;Moore;phillipmoore@example.net;31;M;Ohio;169 Green Villages Suite 596;43085;Worthington;United States;40;-83;Search;06/06/2022
13747;Susan;Bailey;susanbailey@example.org;20;F;Ohio;176 Jennifer Passage Suite 155;43110;Columbus;United States;40;-83;Email;11/03/2020
56508;Jose;Mcintosh;josemcintosh@example.org;61;M;Ohio;009 Huang Mews;43110;Columbus;United States;40;-83;Search;03/10/2019
68719;Zachary;Romero;zacharyromero@example.net;54;M;Ohio;630 Sophia Corners Apt. 424;43110;Columbus;United States;40;-83;Search;08/10/2022
8561;Steven;George;stevengeorge@example.net;55;M;Ohio;7074 Donald Shoal Apt. 369;43119;Columbus;United States;40;-83;Search;06/06/2021
74389;Joshua;Abbott;joshuaabbott@example.org;55;M;Ohio;833 Jacqueline Field;43119;Columbus;United States;40;-83;Search;1/29/2019 17:17:00
89865;Timothy;Knight;timothyknight@example.com;61;M;Ohio;2848 Cole Ranch;43119;Columbus;United States;40;-83;Search;4/24/2020 18:37:00
22789;James;Taylor;jamestaylor@example.org;36;M;Ohio;61529 Olsen Creek Apt. 650;43123;Grove City;United States;40;-83;Search;5/18/2019 17:54:00
37946;Kristin;Soto;kristinsoto@example.org;15;F;Ohio;7313 Cynthia Trail Apt. 163;43123;Grove City;United States;40;-83;Search;12/02/2022
42252;Amanda;Butler;amandabutler@example.net;23;F;Ohio;564 Tracy Path;43123;Grove City;United States;40;-83;Search;9/28/2021 18:43:00
49253;Rachel;Nelson;rachelnelson@example.org;32;F;Ohio;59980 Carpenter Extensions;43123;Grove City;United States;40;-83;Search;12/01/2022
55589;David;Romero;davidromero@example.org;31;M;Ohio;5562 Phillip Wells;43123;Grove City;United States;40;-83;Search;12/31/2022 8:55:00
59424;Valerie;Bridges;valeriebridges@example.net;21;F;Ohio;62653 Gregory Overpass;43123;Grove City;United States;40;-83;Facebook;11/04/2020
74694;Bradley;Hanson;bradleyhanson@example.org;38;M;Ohio;571 Danny Causeway Suite 959;43123;Grove City;United States;40;-83;Search;9/16/2021 8:47:00
83704;Brandon;Lee;brandonlee@example.net;22;M;Ohio;74660 Gibbs Walks Apt. 903;43123;Grove City;United States;40;-83;Organic;11/16/2021 16:19:00
18892;George;Mercado;georgemercado@example.org;63;M;Ohio;518 Kristen Mill;43130;Lancaster;United States;40;-83;Search;3/25/2023 0:00:00
69612;Steven;Sullivan;stevensullivan@example.net;21;M;Ohio;4053 Patrick Place Apt. 999;43130;Lancaster;United States;40;-83;Organic;5/24/2020 16:58:00
13662;Breanna;Ellis;breannaellis@example.com;49;F;Ohio;1967 Frazier Hollow;43140;London;United States;40;-83;Search;10/13/2021 7:50:00
72660;Anthony;Perez;anthonyperez@example.net;26;M;Ohio;8439 Flores Falls Apt. 134;43140;London;United States;40;-83;Search;10/23/2021 4:12:00
36686;Erik;Smith;eriksmith@example.org;41;M;Ohio;02073 Jerry Port;43147;Pickerington;United States;40;-83;Search;03/11/2023
58743;Wanda;Robinson;wandarobinson@example.org;16;F;Ohio;09567 Brenda Plaza;43147;Pickerington;United States;40;-83;Search;1/19/2023 14:06:00
65131;Amanda;Morrison;amandamorrison@example.org;53;F;Ohio;04696 Elizabeth Fields Suite 708;43147;Pickerington;United States;40;-83;Search;4/15/2021 0:32:00
69997;Jonathan;Keller;jonathankeller@example.com;59;M;Ohio;15691 Kyle Creek;43147;Pickerington;United States;40;-83;Search;01/04/2023
77685;Luke;Joseph;lukejoseph@example.net;30;M;Ohio;01584 Fox Springs;43147;Pickerington;United States;40;-83;Search;04/03/2023
89456;Frances;White;franceswhite@example.com;48;F;Ohio;1843 Andrea Curve Suite 544;43147;Pickerington;United States;40;-83;Search;8/18/2022 1:11:00
95070;Thomas;Thompson;thomasthompson@example.net;15;M;Ohio;080 Mitchell Pike;43147;Pickerington;United States;40;-83;Display;04/01/2021
36701;Gabriella;Knight;gabriellaknight@example.net;58;F;Ohio;5797 Jillian Roads;43201;Columbus;United States;40;-83;Search;09/10/2020
61191;Maria;Jones;mariajones@example.com;53;F;Ohio;999 Theresa Brook;43201;Columbus;United States;40;-83;Search;5/31/2020 18:10:00
66555;Heather;Glass;heatherglass@example.net;57;F;Ohio;9645 John Meadow;43201;Columbus;United States;40;-83;Search;1/24/2020 18:02:00
2779;Charles;Frederick;charlesfrederick@example.net;39;M;Ohio;0265 Aguilar Unions Suite 293;43204;Columbus;United States;40;-83;Search;9/28/2021 11:09:00
8478;Sarah;Swanson;sarahswanson@example.org;24;F;Ohio;032 Grant Rapids;43204;Columbus;United States;40;-83;Organic;8/26/2019 5:33:00
8852;Kelsey;Juarez;kelseyjuarez@example.net;50;F;Ohio;4922 Angela Burgs Apt. 985;43204;Columbus;United States;40;-83;Search;07/01/2021
14105;Elizabeth;Collins;elizabethcollins@example.net;31;F;Ohio;10573 Jackson Harbor;43204;Columbus;United States;40;-83;Search;02/01/2022
14324;Christine;Patterson;christinepatterson@example.com;62;F;Ohio;0431 Lori Street Apt. 196;43204;Columbus;United States;40;-83;Search;1/20/2019 16:16:00
23258;Rodney;Taylor;rodneytaylor@example.org;58;M;Ohio;2030 Davis Avenue Suite 214;43204;Columbus;United States;40;-83;Search;1/16/2023 5:22:00
34967;Timothy;Andersen;timothyandersen@example.net;68;M;Ohio;3015 Jackson Tunnel;43204;Columbus;United States;40;-83;Search;2/18/2023 18:01:00
50433;Virginia;Scott;virginiascott@example.com;60;F;Ohio;95880 Smith Manor Apt. 480;43204;Columbus;United States;40;-83;Display;01/06/2020
65384;Robert;Wade;robertwade@example.net;70;M;Ohio;26398 Cassidy Drives Apt. 302;43204;Columbus;United States;40;-83;Organic;01/05/2021
81017;Stephanie;Melton;stephaniemelton@example.org;70;F;Ohio;422 Keith Island;43204;Columbus;United States;40;-83;Search;4/16/2021 9:30:00
97266;Evelyn;Lutz;evelynlutz@example.com;18;F;Ohio;0021 Nathan Pines;43204;Columbus;United States;40;-83;Search;10/12/2020
8945;Omar;Thomas;omarthomas@example.com;57;M;Ohio;3284 Richard Ferry;43207;Columbus;United States;40;-83;Search;7/25/2020 4:53:00
26374;Haley;Ballard;haleyballard@example.net;61;F;Ohio;8793 Jessica Forks;43207;Columbus;United States;40;-83;Search;4/26/2022 8:55:00
38675;Karen;Johnson;karenjohnson@example.com;27;F;Ohio;62827 Hobbs Hills Apt. 398;43207;Columbus;United States;40;-83;Search;06/09/2022
4226;Kenneth;Garcia;kennethgarcia@example.net;18;M;Ohio;362 Francis Branch;43209;Columbus;United States;40;-83;Search;9/25/2021 7:10:00
28783;James;Tucker;jamestucker@example.org;68;M;Ohio;18863 Freeman Way;43209;Columbus;United States;40;-83;Search;04/02/2021
38939;Tyler;Torres;tylertorres@example.com;39;M;Ohio;7469 Lydia Circles Suite 039;43209;Columbus;United States;40;-83;Search;1/24/2020 1:59:00
83011;Margaret;Ruiz;margaretruiz@example.net;63;F;Ohio;386 Miller Pines Suite 350;43209;Columbus;United States;40;-83;Email;10/12/2019
91773;Eric;Moore;ericmoore@example.net;19;M;Ohio;9604 John Motorway Suite 500;43209;Columbus;United States;40;-83;Search;7/28/2020 18:34:00
30695;Julian;Barry;julianbarry@example.com;64;M;Ohio;86578 Aaron Roads Apt. 565;43211;Columbus;United States;40;-83;Search;07/04/2021
76958;Amy;Casey;amycasey@example.net;29;F;Ohio;5342 Zachary Pass Suite 144;43211;Columbus;United States;40;-83;Search;2/23/2023 3:16:00
98037;Crystal;Brown;crystalbrown@example.com;41;F;Ohio;3330 Gibson Loaf;43211;Columbus;United States;40;-83;Search;9/29/2021 6:50:00
42107;Mary;Houston;maryhouston@example.org;16;F;Ohio;9302 Brown Radial Suite 261;43213;Columbus;United States;40;-83;Display;07/09/2022
42872;Timothy;Morrow;timothymorrow@example.com;52;M;Ohio;8622 Love Drive Suite 687;43213;Columbus;United States;40;-83;Organic;06/09/2021
60647;Angela;Espinoza;angelaespinoza@example.net;48;F;Ohio;448 Barbara Parkways Suite 741;43213;Columbus;United States;40;-83;Search;7/18/2019 1:21:00
71025;Christopher;Sandoval;christophersandoval@example.net;67;M;Ohio;36865 Ana Mews Apt. 392;43213;Columbus;United States;40;-83;Organic;6/19/2022 5:13:00
87822;Benjamin;Hart;benjaminhart@example.org;61;M;Ohio;00333 Teresa Hills;43213;Columbus;United States;40;-83;Display;9/19/2019 5:04:00
2907;Dakota;Brown;dakotabrown@example.net;42;M;Ohio;8623 Michael Walk;43214;Columbus;United States;40;-83;Search;11/19/2020 16:55:00
91453;Walter;Arnold;walterarnold@example.org;47;M;Ohio;193 Rodgers Views;43214;Columbus;United States;40;-83;Search;02/12/2023
93129;Jeffery;Knight;jefferyknight@example.net;57;M;Ohio;8869 Vaughn Center Apt. 774;43214;Columbus;United States;40;-83;Search;10/13/2022 6:45:00
25448;Joshua;Wright;joshuawright@example.com;47;M;Ohio;3680 Andrews Oval Suite 671;43219;Columbus;United States;40;-83;Search;10/10/2020
54023;Jerome;Guzman;jeromeguzman@example.com;68;M;Ohio;09215 Meza Vista;43219;Columbus;United States;40;-83;Search;6/26/2023 16:46:56
98529;Kelly;Garrett;kellygarrett@example.net;45;F;Ohio;371 Mccarthy Rue;43219;Columbus;United States;40;-83;Organic;7/15/2019 5:34:00
55300;Adrienne;Booth;adriennebooth@example.net;36;F;Ohio;3562 Burns View Suite 198;43220;Upper Arlington;United States;40;-83;Search;03/06/2023
34049;Connie;Vance;connievance@example.com;20;F;Ohio;39343 Brown Field;43221;Upper Arlington;United States;40;-83;Search;5/27/2021 18:42:00
85246;Melissa;Taylor;melissataylor@example.net;34;F;Ohio;343 Christy Locks;43221;Upper Arlington;United States;40;-83;Organic;05/03/2019
28911;Christine;Graham;christinegraham@example.org;38;F;Ohio;5469 Kimberly Squares;43223;Columbus;United States;40;-83;Search;10/22/2019 0:42:00
45242;Kevin;Perkins;kevinperkins@example.com;53;M;Ohio;27522 Jacqueline Parks;43223;Columbus;United States;40;-83;Search;8/21/2020 14:50:00
50507;Jason;Fuller;jasonfuller@example.org;58;M;Ohio;210 Perry Village Apt. 124;43223;Columbus;United States;40;-83;Search;10/20/2021 9:54:00
96357;Gina;Kirby;ginakirby@example.org;62;F;Ohio;174 Elaine Summit Apt. 332;43223;Columbus;United States;40;-83;Search;09/01/2019
45032;Adam;Bowers;adambowers@example.org;66;M;Ohio;62640 Edwards Roads Suite 213;43224;Columbus;United States;40;-83;Search;6/24/2022 17:46:00
60908;Melissa;Robertson;melissarobertson@example.net;64;F;Ohio;9282 Adam Curve;43224;Columbus;United States;40;-83;Search;3/24/2021 14:22:00
68445;Sarah;Bennett;sarahbennett@example.net;51;F;Ohio;392 Erin Rue Suite 307;43224;Columbus;United States;40;-83;Search;10/24/2019 1:22:00
76285;Kelly;Hernandez;kellyhernandez@example.net;12;F;Ohio;90904 Natalie Bridge;43224;Columbus;United States;40;-83;Search;6/23/2023 15:59:01
11456;Benjamin;Scott;benjaminscott@example.org;18;M;Ohio;70553 Lyons Trail Suite 234;43228;Columbus;United States;40;-83;Search;5/27/2021 1:56:00
16519;Monica;Horne;monicahorne@example.com;20;F;Ohio;09989 Meyers Rue Apt. 109;43228;Columbus;United States;40;-83;Search;10/12/2020
18488;Anthony;Dickerson;anthonydickerson@example.org;37;M;Ohio;9277 Stanley Road Suite 118;43228;Columbus;United States;40;-83;Organic;05/06/2020
34169;Shawn;Gray;shawngray@example.org;39;M;Ohio;74973 Shannon Fords Suite 667;43228;Columbus;United States;40;-83;Search;8/14/2020 6:14:00
45306;Annette;Richardson;annetterichardson@example.org;18;F;Ohio;343 Watkins Road;43228;Columbus;United States;40;-83;Search;7/30/2020 18:53:00
65874;Charles;Lopez;charleslopez@example.net;40;M;Ohio;15069 Nguyen Village;43228;Columbus;United States;40;-83;Search;10/22/2022 4:42:00
84547;David;Williams;davidwilliams@example.net;26;M;Ohio;62061 Patel Locks;43228;Columbus;United States;40;-83;Search;04/04/2023
3638;Morgan;Ward;morganward@example.net;22;F;Ohio;744 Mcmahon Mall Suite 310;43229;Columbus;United States;40;-83;Search;2/18/2020 13:42:00
69508;Jennifer;Stephens;jenniferstephens@example.org;51;F;Ohio;67117 Stanley Prairie;43229;Columbus;United States;40;-83;Organic;1/18/2022 14:50:00
71356;Lee;Harvey;leeharvey@example.net;59;M;Ohio;2761 Ruben Estates Suite 028;43229;Columbus;United States;40;-83;Search;06/06/2023
72503;Jason;Green;jasongreen@example.com;33;M;Ohio;1708 Chung Streets;43229;Columbus;United States;40;-83;Search;7/28/2020 11:10:00
99270;Joshua;Figueroa;joshuafigueroa@example.org;68;M;Ohio;054 Timothy Stravenue Apt. 797;43229;Columbus;United States;40;-83;Facebook;7/25/2020 17:28:00
10889;Lindsey;Reyes;lindseyreyes@example.com;60;F;Ohio;337 Rodriguez Ridges Suite 726;43230;Gahanna;United States;40;-83;Search;12/03/2022
18236;Karen;Elliott;karenelliott@example.org;52;F;Ohio;70489 Sullivan Mount Suite 837;43230;Gahanna;United States;40;-83;Search;02/01/2020
20468;Michelle;Allen;michelleallen@example.net;34;F;Ohio;72110 Burton Estate;43230;Gahanna;United States;40;-83;Facebook;5/21/2023 7:54:00
23036;Kylie;Brown;kyliebrown@example.com;39;F;Ohio;64103 Nicholas Ports;43230;Gahanna;United States;40;-83;Organic;01/09/2022
31170;Jennifer;Mendoza;jennifermendoza@example.org;54;F;Ohio;05808 Davidson Rapid;43230;Gahanna;United States;40;-83;Search;6/19/2021 17:04:00
56901;Karen;Anderson;karenanderson@example.com;26;F;Ohio;704 Isabella Row Apt. 832;43230;Gahanna;United States;40;-83;Search;5/21/2023 2:05:00
60364;Joel;Chung;joelchung@example.com;61;M;Ohio;1638 Erickson Brook;43230;Gahanna;United States;40;-83;Search;11/16/2019 5:19:00
19780;Michaela;Hill;michaelahill@example.com;36;F;Ohio;2614 Rachael Place Apt. 119;43232;Columbus;United States;40;-83;Search;01/08/2022
50541;Bradley;Moore;bradleymoore@example.com;41;M;Ohio;9347 Reyes Walks;43232;Columbus;United States;40;-83;Search;5/14/2022 17:10:00
93400;Rachel;Black;rachelblack@example.com;12;F;Ohio;794 Hogan Mission;43232;Columbus;United States;40;-83;Search;7/25/2019 13:11:00
17466;Joseph;Thompson;josephthompson@example.org;26;M;Ohio;993 Wilson Mountain;43235;Columbus;United States;40;-83;Search;8/31/2020 9:13:00
49228;Andrea;Winters;andreawinters@example.org;37;F;Ohio;121 Higgins Summit Suite 059;43235;Columbus;United States;40;-83;Search;03/11/2020
53868;Edward;Pace;edwardpace@example.org;47;M;Ohio;349 Harrison Estate Apt. 164;43235;Columbus;United States;40;-83;Facebook;11/01/2021
78343;Anna;Lopez;annalopez@example.net;40;F;Ohio;4540 Moore Ville;43235;Columbus;United States;40;-83;Organic;1/28/2021 15:19:00
85800;Samantha;Watson;samanthawatson@example.org;20;F;Ohio;325 Turner Lakes;43235;Columbus;United States;40;-83;Email;12/10/2021
95030;Mary;Deleon;marydeleon@example.com;52;F;Ohio;052 Corey Hollow;43235;Columbus;United States;40;-83;Search;10/15/2020 7:36:00
6398;Brandi;Johnston;brandijohnston@example.com;66;F;Ohio;05708 Stafford Pines Apt. 598;43302;Marion;United States;41;-83;Search;12/13/2021 14:20:00
13037;Richard;King;richardking@example.com;46;M;Ohio;6303 Rachel Fords;43302;Marion;United States;41;-83;Display;07/06/2022
13151;William;Jones;williamjones@example.org;63;M;Ohio;49490 Shaw Ville Apt. 252;43302;Marion;United States;41;-83;Facebook;10/14/2020 13:27:00
24903;Holly;Guzman;hollyguzman@example.com;52;F;Ohio;432 Susan Roads;43302;Marion;United States;41;-83;Search;9/13/2019 17:39:00
28947;Krista;Williams;kristawilliams@example.org;42;F;Ohio;422 Stanley Cape Apt. 877;43302;Marion;United States;41;-83;Search;6/18/2019 2:50:00
74511;Virginia;Alvarado;virginiaalvarado@example.com;19;F;Ohio;451 Brittany Junction Apt. 385;43302;Marion;United States;41;-83;Facebook;2/23/2020 1:17:00
81683;Robert;Gamble;robertgamble@example.net;16;M;Ohio;9478 Amber Spur Suite 920;43302;Marion;United States;41;-83;Search;6/19/2023 16:32:00
3888;Scott;Martin;scottmartin@example.net;33;M;Ohio;1738 Jerry Fields;43402;Bowling Green;United States;41;-84;Search;06/04/2020
36934;Nicole;Smith;nicolesmith@example.net;30;F;Ohio;95594 Annette River;43402;Bowling Green;United States;41;-84;Search;2/16/2022 7:13:00
78030;Paige;Black;paigeblack@example.com;20;F;Ohio;587 Haley Inlet Apt. 403;43402;Bowling Green;United States;41;-84;Search;3/21/2020 15:24:00
29411;Jennifer;Obrien;jenniferobrien@example.net;50;F;Ohio;88512 Nicole Light Suite 778;43420;Fremont;United States;41;-83;Email;3/14/2021 14:03:00
57839;David;Allen;davidallen@example.net;55;M;Ohio;295 Henderson Forge Apt. 765;43420;Fremont;United States;41;-83;Search;1/29/2022 14:01:00
72332;Christopher;Travis;christophertravis@example.net;56;M;Ohio;4916 Dean Mission;43420;Fremont;United States;41;-83;Search;12/18/2020 7:11:00
87586;Jessica;Williams;jessicawilliams@example.net;12;F;Ohio;04375 Adam Lights;43420;Fremont;United States;41;-83;Search;8/26/2019 14:52:00
44941;Sarah;Anderson;sarahanderson@example.org;68;F;Ohio;93645 Sims Mews;43512;Defiance;United States;41;-84;Search;07/02/2022
58556;Nicole;Nguyen;nicolenguyen@example.org;22;F;Ohio;0864 Rebecca Brooks;43512;Defiance;United States;41;-84;Email;2/14/2020 15:00:00
69161;Lori;Sanchez;lorisanchez@example.net;56;F;Ohio;62923 Burton Underpass;43512;Defiance;United States;41;-84;Search;03/09/2023
44526;Christina;Duran;christinaduran@example.com;47;F;Ohio;05186 Margaret Ville Apt. 635;43537;Maumee;United States;42;-84;Organic;12/19/2022 4:17:00
57701;Timothy;Carson;timothycarson@example.com;15;M;Ohio;1165 Karen Knoll Suite 703;43537;Maumee;United States;42;-84;Email;2/21/2021 14:14:00
4684;Andrew;Blankenship;andrewblankenship@example.org;41;M;Ohio;78842 James Cliffs;43551;Perrysburg;United States;42;-84;Organic;3/18/2019 17:18:00
57106;Patrick;Turner;patrickturner@example.net;32;M;Ohio;44427 Barrett Mission;43551;Perrysburg;United States;42;-84;Search;10/05/2020
47455;Michael;Collins;michaelcollins@example.net;26;M;Ohio;542 Todd Burg;43560;Sylvania;United States;42;-84;Search;3/15/2020 14:26:00
57082;Matthew;Bailey;matthewbailey@example.net;67;M;Ohio;99786 Hale Lodge;43560;Sylvania;United States;42;-84;Facebook;1/16/2020 15:40:00
81116;Toni;Lewis;tonilewis@example.net;31;F;Ohio;2656 Hill Hill Apt. 440;43560;Sylvania;United States;42;-84;Organic;10/26/2021 9:55:00
30;Kevin;Lindsey;kevinlindsey@example.net;23;M;Ohio;4882 Butler Dale Suite 853;43605;Toledo;United States;42;-84;Organic;9/19/2022 7:32:00
86661;Carol;Davis;caroldavis@example.com;17;F;Ohio;6945 Howard Highway Suite 531;43605;Toledo;United States;42;-84;Search;11/04/2020
74842;Adrian;Stanley;adrianstanley@example.com;53;M;Ohio;133 Christian Expressway;43612;Toledo;United States;42;-84;Search;8/14/2019 9:11:00
97803;Joshua;Robles;joshuarobles@example.net;63;M;Ohio;35483 Christy Radial Apt. 039;43612;Toledo;United States;42;-84;Display;1/16/2022 3:35:00
38545;Marvin;Simon;marvinsimon@example.org;47;M;Ohio;7144 John Park Suite 177;43613;Toledo;United States;42;-84;Email;8/20/2019 2:31:00
58551;Tara;Clark;taraclark@example.net;55;F;Ohio;899 Nichols Bypass;43613;Toledo;United States;42;-84;Organic;03/01/2022
1149;Carol;Baker;carolbaker@example.net;42;F;Ohio;206 Sanders Ways;43614;Toledo;United States;42;-84;Organic;6/30/2019 16:46:00
75490;Alyssa;Anderson;alyssaanderson@example.com;13;F;Ohio;279 Meyer Loaf Suite 956;43614;Toledo;United States;42;-84;Organic;11/30/2021 4:36:00
76347;Denise;Johnson;denisejohnson@example.com;52;F;Ohio;24889 Watkins Plains Apt. 510;43614;Toledo;United States;42;-84;Search;7/18/2021 18:13:00
77200;Mackenzie;Owens;mackenzieowens@example.org;52;F;Ohio;013 Terrell Shoal;43614;Toledo;United States;42;-84;Search;8/31/2019 1:07:00
3614;Blake;Foster;blakefoster@example.com;28;M;Ohio;75782 Sims Landing Suite 795;43615;Toledo;United States;42;-84;Organic;4/22/2020 0:04:00
5238;Melissa;Jones;melissajones@example.com;49;F;Ohio;123 Vazquez Lane;43615;Toledo;United States;42;-84;Organic;4/21/2022 15:22:00
19729;Tyler;Cruz;tylercruz@example.org;16;M;Ohio;1004 Austin Fort Suite 895;43615;Toledo;United States;42;-84;Organic;03/01/2022
45223;Lindsey;Goodwin;lindseygoodwin@example.com;65;F;Ohio;6737 Jessica Course Suite 843;43615;Toledo;United States;42;-84;Search;2/17/2019 17:23:00
90336;Maria;Mcguire;mariamcguire@example.net;36;F;Ohio;746 Daniel Track Apt. 403;43615;Toledo;United States;42;-84;Search;6/18/2022 13:45:00
913;Colton;Holmes;coltonholmes@example.com;59;M;Ohio;005 Robert Wall Apt. 406;43701;Zanesville;United States;40;-82;Search;11/23/2022 5:04:00
13567;Ryan;Woodard;ryanwoodard@example.net;45;M;Ohio;4307 Allison Trail;43701;Zanesville;United States;40;-82;Search;05/12/2022
54291;Rhonda;Barnes;rhondabarnes@example.org;13;F;Ohio;857 Tina Groves;43701;Zanesville;United States;40;-82;Facebook;3/18/2020 1:14:00
55217;Connie;Martinez;conniemartinez@example.net;48;F;Ohio;297 James Oval Apt. 276;43701;Zanesville;United States;40;-82;Search;01/10/2023
62447;Patricia;Mitchell;patriciamitchell@example.net;23;F;Ohio;9805 Thompson Valley;43701;Zanesville;United States;40;-82;Search;09/10/2019
62732;Rodney;Gomez;rodneygomez@example.org;39;M;Ohio;9724 Frost Shores Suite 332;43701;Zanesville;United States;40;-82;Organic;06/02/2023
65107;Edward;Long;edwardlong@example.net;40;M;Ohio;00491 Douglas Rue;43701;Zanesville;United States;40;-82;Search;6/25/2023 8:36:36
69410;Michael;Carpenter;michaelcarpenter@example.org;64;M;Ohio;25911 Nichols Lights Apt. 546;43701;Zanesville;United States;40;-82;Organic;8/22/2021 5:47:00
84611;Stephanie;Yates;stephanieyates@example.net;43;F;Ohio;992 Reese Lights Suite 355;43701;Zanesville;United States;40;-82;Search;03/06/2023
93880;Stephanie;Cross;stephaniecross@example.org;42;F;Ohio;0598 Andrew Terrace Apt. 374;43701;Zanesville;United States;40;-82;Search;07/04/2020
1870;Lisa;Flores;lisaflores@example.org;13;F;Ohio;32229 Tara Centers Apt. 574;44004;Ashtabula;United States;42;-81;Search;12/11/2020
48408;David;Cuevas;davidcuevas@example.org;58;M;Ohio;3912 Courtney Street;44004;Ashtabula;United States;42;-81;Search;04/09/2021
51909;Amanda;Hudson;amandahudson@example.net;33;F;Ohio;98559 Nicole Court;44004;Ashtabula;United States;42;-81;Search;02/05/2023
98651;Peter;Hill;peterhill@example.org;66;M;Ohio;38518 Sims Cove Apt. 850;44004;Ashtabula;United States;42;-81;Search;2/18/2021 3:47:00
2417;Scott;Green;scottgreen@example.net;45;M;Ohio;8075 Graham Green Suite 877;44035;Elyria;United States;41;-82;Search;5/26/2021 0:43:00
5486;Stephanie;Lewis;stephanielewis@example.org;46;F;Ohio;769 Kenneth Way Apt. 720;44035;Elyria;United States;41;-82;Facebook;01/02/2019
15207;Jennifer;Jackson;jenniferjackson@example.com;64;F;Ohio;130 Tanner Union Suite 610;44035;Elyria;United States;41;-82;Search;7/28/2021 0:14:00
60793;Jessica;Watson;jessicawatson@example.org;58;F;Ohio;0149 Cynthia Harbors Apt. 605;44035;Elyria;United States;41;-82;Search;06/02/2020
78602;Timothy;Christensen;timothychristensen@example.org;50;M;Ohio;90822 Margaret Roads;44035;Elyria;United States;41;-82;Organic;05/06/2019
45526;Lisa;Garcia;lisagarcia@example.com;12;F;Ohio;763 Carney Burg Apt. 948;44039;North Ridgeville;United States;41;-82;Search;10/21/2020 15:44:00
83399;Andrew;Duke;andrewduke@example.org;29;M;Ohio;0304 Moreno Well Apt. 150;44052;Lorain;United States;41;-82;Search;02/11/2021
29383;Linda;Cooper;lindacooper@example.org;51;F;Ohio;7723 Alyssa Greens Apt. 933;44060;Mentor;United States;42;-81;Search;12/17/2019 11:50:00
63835;Patricia;Haynes;patriciahaynes@example.net;31;F;Ohio;0204 Beck Rapid Suite 844;44060;Mentor;United States;42;-81;Search;08/01/2022
66695;Amber;Bishop;amberbishop@example.org;63;F;Ohio;145 Adrian Stream;44060;Mentor;United States;42;-81;Search;7/19/2019 16:51:00
80796;Becky;Cole;beckycole@example.org;63;F;Ohio;32642 Dustin Bridge;44060;Mentor;United States;42;-81;Search;9/24/2021 2:00:00
93771;Jennifer;Wood;jenniferwood@example.org;38;F;Ohio;8658 Jacob Mills Apt. 301;44060;Mentor;United States;42;-81;Search;12/20/2019 10:35:00
99723;Jesse;Jackson;jessejackson@example.net;53;M;Ohio;942 Brown Lodge Suite 428;44060;Mentor;United States;42;-81;Organic;1/19/2023 15:55:00
39661;Ryan;Ramos;ryanramos@example.org;27;M;Ohio;01526 Jensen Meadows Apt. 180;44070;North Olmsted;United States;41;-82;Search;11/25/2020 4:28:00
41974;Brittany;Johnson;brittanyjohnson@example.com;26;F;Ohio;169 Lisa Bridge;44070;North Olmsted;United States;41;-82;Organic;06/04/2020
43083;Anthony;Mullen;anthonymullen@example.org;51;M;Ohio;62035 Kyle Courts Suite 602;44070;North Olmsted;United States;41;-82;Email;08/09/2022
61491;Ernest;Ashley;ernestashley@example.com;45;M;Ohio;96130 Ashley Gardens Apt. 074;44070;North Olmsted;United States;41;-82;Search;06/05/2022
88655;Wayne;Patel;waynepatel@example.com;49;M;Ohio;28544 Trevino Path;44070;North Olmsted;United States;41;-82;Search;7/13/2020 11:34:00
2121;Brianna;Watkins;briannawatkins@example.org;47;F;Ohio;349 Ryan Port Apt. 271;44077;Painesville;United States;42;-81;Search;6/26/2023 9:30:43
3616;Corey;Barajas;coreybarajas@example.com;16;M;Ohio;653 Cox Passage;44077;Painesville;United States;42;-81;Search;5/15/2022 2:18:00
56998;David;Ramirez;davidramirez@example.com;58;M;Ohio;16861 Patel Shoals Suite 518;44077;Painesville;United States;42;-81;Search;8/16/2020 15:49:00
5889;Jessica;Pierce;jessicapierce@example.com;63;F;Ohio;90115 Tiffany Common;44094;Kirtland;United States;42;-81;Search;10/01/2019
5914;Brandon;Stevens;brandonstevens@example.com;42;M;Ohio;353 Christopher Shoal;44094;Kirtland;United States;42;-81;Display;3/24/2021 11:28:00
25036;Kelly;Garcia;kellygarcia@example.com;64;F;Ohio;6963 Wilson Stream Suite 062;44094;Kirtland;United States;42;-81;Search;10/29/2020 3:42:00
27378;Tammy;Ortiz;tammyortiz@example.org;32;F;Ohio;1811 Martinez Flats Suite 931;44094;Kirtland;United States;42;-81;Facebook;12/27/2021 18:27:00
91145;Lisa;Gonzalez;lisagonzalez@example.org;66;F;Ohio;011 Andrew Freeway Suite 846;44094;Kirtland;United States;42;-81;Organic;6/29/2019 18:35:00
93698;David;Rangel;davidrangel@example.org;62;M;Ohio;095 Kenneth Passage;44094;Kirtland;United States;42;-81;Search;08/05/2022
10503;Peggy;Rodriguez;peggyrodriguez@example.com;19;F;Ohio;30417 Simmons Plains Suite 509;44095;Eastlake;United States;42;-81;Search;4/24/2023 13:29:00
50528;Cheryl;Mason;cherylmason@example.com;38;F;Ohio;060 Myers Path Suite 765;44095;Eastlake;United States;42;-81;Organic;02/01/2023
84132;Christine;Thomas;christinethomas@example.net;31;F;Ohio;81974 Williams Corner;44095;Eastlake;United States;42;-81;Search;3/13/2022 2:16:00
22507;Julie;Wood;juliewood@example.com;65;F;Ohio;70122 Robertson Locks;44102;Cleveland;United States;41;-82;Search;08/11/2022
48580;Daniel;Chang;danielchang@example.org;13;M;Ohio;6698 Lori Shoals;44102;Cleveland;United States;41;-82;Search;7/30/2020 3:22:00
63886;Frank;Hendrix;frankhendrix@example.net;68;M;Ohio;804 Michael Station;44102;Cleveland;United States;41;-82;Organic;6/23/2021 2:48:00
98172;Ariel;Aguilar;arielaguilar@example.net;31;F;Ohio;66041 Kyle Garden Apt. 119;44102;Cleveland;United States;41;-82;Search;9/20/2020 14:25:00
14014;Lauren;Hunt;laurenhunt@example.org;53;F;Ohio;98626 Young Summit;44105;Cleveland;United States;41;-82;Search;02/12/2020
9938;Nicholas;Baldwin;nicholasbaldwin@example.com;29;M;Ohio;844 Gilbert Meadow;44107;Lakewood;United States;41;-82;Organic;7/13/2020 4:14:00
12461;Mary;Smith;marysmith@example.net;43;F;Ohio;9473 John Harbors Apt. 625;44107;Lakewood;United States;41;-82;Search;9/27/2021 8:52:00
56978;Wanda;Dixon;wandadixon@example.org;51;F;Ohio;8022 Moore Streets Apt. 741;44107;Lakewood;United States;41;-82;Search;6/29/2021 11:00:00
60746;Dylan;Thomas;dylanthomas@example.net;34;M;Ohio;92681 Zoe Trail Suite 693;44107;Lakewood;United States;41;-82;Search;4/27/2023 13:06:00
69249;Michael;Barnes;michaelbarnes@example.net;38;M;Ohio;9111 Gray Streets Apt. 516;44107;Lakewood;United States;41;-82;Display;6/13/2023 1:43:00
85367;Melissa;Anderson;melissaanderson@example.net;21;F;Ohio;093 Briggs Point;44107;Lakewood;United States;41;-82;Search;6/26/2023 6:50:37
7824;Douglas;Vasquez;douglasvasquez@example.com;58;M;Ohio;741 Amy Expressway Suite 335;44109;Cleveland;United States;41;-82;Search;10/05/2019
10930;Deborah;Wu;deborahwu@example.org;41;F;Ohio;3872 Gregory Park;44109;Cleveland;United States;41;-82;Search;06/10/2023
67449;Devin;Morgan;devinmorgan@example.com;57;M;Ohio;1539 Rangel Flat Suite 348;44109;Cleveland;United States;41;-82;Search;6/27/2019 10:01:00
95447;Richard;Nash;richardnash@example.org;64;M;Ohio;0627 Amy Curve;44109;Cleveland;United States;41;-82;Facebook;01/09/2019
33664;Sarah;Green;sarahgreen@example.org;38;F;Ohio;58234 Wong Meadows Apt. 038;44111;Cleveland;United States;41;-82;Search;5/17/2019 8:15:00
65693;Ashley;Sanford;ashleysanford@example.com;29;F;Ohio;623 Garrison Roads Apt. 167;44111;Cleveland;United States;41;-82;Organic;11/04/2021
49215;Sharon;Scott;sharonscott@example.org;47;F;Ohio;5334 Natalie Mill Suite 768;44118;Cleveland Heights;United States;42;-82;Search;6/26/2023 6:43:29
54240;Veronica;Perkins;veronicaperkins@example.org;61;F;Ohio;00726 Moore Fords Apt. 506;44118;Cleveland Heights;United States;42;-82;Facebook;06/04/2020
57299;Jason;Mcdonald;jasonmcdonald@example.com;29;M;Ohio;5002 Daniels Courts Suite 209;44118;Cleveland Heights;United States;42;-82;Search;5/18/2022 16:18:00
59479;Brian;Williams;brianwilliams@example.net;57;M;Ohio;1076 Hernandez Pass;44118;Cleveland Heights;United States;42;-82;Search;6/22/2021 2:03:00
11945;Kenneth;Gardner;kennethgardner@example.net;20;M;Ohio;33676 Chavez Village;44120;Shaker Heights;United States;41;-82;Organic;12/12/2022
17345;Jose;Glass;joseglass@example.com;43;M;Ohio;5269 James Ranch;44120;Shaker Heights;United States;41;-82;Organic;04/07/2020
31882;Mary;Brady;marybrady@example.com;12;F;Ohio;272 Johnson Field Apt. 199;44120;Shaker Heights;United States;41;-82;Search;1/20/2021 8:14:00
37032;Timothy;Harris;timothyharris@example.net;36;M;Ohio;05481 Johnson Shoals Suite 279;44121;South Euclid;United States;42;-82;Search;6/23/2019 14:59:00
9803;Rebecca;Wilson;rebeccawilson@example.org;21;F;Ohio;471 Erik Light Apt. 450;44122;Beachwood;United States;41;-82;Search;4/24/2023 4:52:00
30684;Paul;Jones;pauljones@example.org;44;M;Ohio;4723 Deleon Ways Suite 019;44122;Beachwood;United States;41;-82;Search;07/03/2021
40505;Jonathan;Thompson;jonathanthompson@example.org;57;M;Ohio;71946 Snow Estate;44122;Beachwood;United States;41;-82;Search;11/02/2020
60619;William;Hurst;williamhurst@example.org;40;M;Ohio;3095 Pierce Shore;44122;Beachwood;United States;41;-82;Organic;7/21/2020 6:02:00
97082;Anthony;Wong;anthonywong@example.org;56;M;Ohio;727 Christopher Mission;44122;Beachwood;United States;41;-82;Search;3/26/2022 17:42:00
2925;Dawn;Hernandez;dawnhernandez@example.net;28;F;Ohio;9425 Katrina Green Suite 241;44124;Pepper Pike;United States;42;-81;Search;1/28/2019 5:54:00
4244;Julia;Anderson;juliaanderson@example.org;48;F;Ohio;151 Patrick Parkways Apt. 861;44124;Pepper Pike;United States;42;-81;Organic;6/25/2023 9:08:00
56395;Tina;Moore;tinamoore@example.net;67;F;Ohio;9626 Ferguson Unions;44124;Pepper Pike;United States;42;-81;Display;03/10/2019
89114;John;Phillips;johnphillips@example.net;31;M;Ohio;30061 Kim Inlet Suite 403;44124;Pepper Pike;United States;42;-81;Search;7/25/2019 16:02:00
7750;Matthew;Gilmore;matthewgilmore@example.org;26;M;Ohio;65476 Olson Forges Suite 080;44125;Garfield Heights;United States;41;-82;Search;5/25/2021 4:13:00
9541;Jeffrey;Ross;jeffreyross@example.com;68;M;Ohio;057 Smith Groves Apt. 021;44125;Garfield Heights;United States;41;-82;Email;10/20/2019 3:13:00
14365;Darrell;Gonzales;darrellgonzales@example.com;15;M;Ohio;560 Reyes Plains Suite 691;44125;Garfield Heights;United States;41;-82;Search;12/21/2022 17:34:00
36573;Angel;Davies;angeldavies@example.net;21;F;Ohio;78044 Kerr Ranch;44125;Garfield Heights;United States;41;-82;Search;8/29/2021 2:38:00
64992;Jane;Sparks;janesparks@example.org;41;F;Ohio;0182 Chad Dale;44125;Garfield Heights;United States;41;-82;Organic;09/05/2019
87658;Jennifer;Jackson;jenniferjackson@example.com;65;F;Ohio;9032 Christopher Manor;44125;Garfield Heights;United States;41;-82;Search;11/12/2019
19038;Howard;Brown;howardbrown@example.com;27;M;Ohio;44423 Jenna Pass Apt. 153;44128;Warrensville Heights;United States;41;-82;Search;12/05/2021
21077;Chase;Hill;chasehill@example.net;56;M;Ohio;303 Moore Plains Suite 622;44128;Warrensville Heights;United States;41;-82;Search;6/15/2019 1:10:00
53548;Lori;Gonzalez;lorigonzalez@example.com;22;F;Ohio;68995 Calderon Ridge Apt. 138;44128;Warrensville Heights;United States;41;-82;Organic;3/14/2022 15:42:00
80038;Jason;Wong;jasonwong@example.org;44;M;Ohio;9346 Laura Ports Apt. 242;44128;Warrensville Heights;United States;41;-82;Organic;2/19/2022 11:49:00
16086;Matthew;Sparks;matthewsparks@example.com;13;M;Ohio;423 Christopher Hollow;44130;Middleburg Heights;United States;41;-82;Search;12/21/2019 12:53:00
23046;Michaela;Johnson;michaelajohnson@example.com;32;F;Ohio;0644 Carol Meadow Suite 855;44130;Middleburg Heights;United States;41;-82;Search;11/10/2019
55328;Jeffrey;Rogers;jeffreyrogers@example.com;30;M;Ohio;1930 Whitney Mount Suite 074;44130;Middleburg Heights;United States;41;-82;Search;06/07/2019
95600;Sandra;Duffy;sandraduffy@example.com;56;F;Ohio;181 Thomas Canyon Apt. 338;44130;Middleburg Heights;United States;41;-82;Search;6/23/2023 11:07:33
98959;Daniel;Schroeder;danielschroeder@example.com;16;M;Ohio;42534 Tara Plaza;44130;Middleburg Heights;United States;41;-82;Email;02/05/2019
27476;Tiffany;Ferguson;tiffanyferguson@example.org;19;F;Ohio;22429 Howell Mews;44133;North Royalton;United States;41;-82;Search;9/22/2020 17:33:00
42522;Bryan;Aguilar;bryanaguilar@example.com;32;M;Ohio;917 Rebekah Courts;44133;North Royalton;United States;41;-82;Search;10/25/2019 8:15:00
98406;John;Andrade;johnandrade@example.org;13;M;Ohio;319 James Shore Apt. 389;44133;North Royalton;United States;41;-82;Organic;12/28/2020 4:43:00
5437;Yvette;Foster;yvettefoster@example.net;18;F;Ohio;86793 Amy Bypass Suite 188;44134;Parma;United States;41;-82;Search;1/13/2022 11:56:00
23429;Cassandra;Mcdonald;cassandramcdonald@example.org;21;F;Ohio;599 Rebecca Brook;44134;Parma;United States;41;-82;Search;01/01/2023
65664;Bobby;Rodriguez;bobbyrodriguez@example.org;20;M;Ohio;14326 Taylor Radial Apt. 120;44134;Parma;United States;41;-82;Facebook;06/01/2019
65687;Todd;Patrick;toddpatrick@example.com;36;M;Ohio;989 Kelly Flats;44134;Parma;United States;41;-82;Search;8/29/2020 8:29:00
84918;John;Russell;johnrussell@example.com;70;M;Ohio;19091 Baker Place;44134;Parma;United States;41;-82;Search;2/28/2023 10:53:00
87078;Kara;Bass;karabass@example.com;33;F;Ohio;70219 Mary Bypass;44134;Parma;United States;41;-82;Search;02/06/2020
